"PLZ","Ort","Bundesland"
"1000","Wien","Wien"
"1004","Wien","Wien"
"1006","Wien","Wien"
"1010","Wien","Wien"
"1011","Wien Postfach","Wien"
"1015","Wien","Wien"
"1016","Wien","Wien"
"1017","Wien-Parlament","Wien"
"1020","Wien","Wien"
"1021","Wien Postfach","Wien"
"1024","Wien","Wien"
"1025","Wien","Wien"
"1029","Wien","Wien"
"1030","Wien","Wien"
"1031","Wien Postfach","Wien"
"1032","Wien","Wien"
"1034","Wien","Wien"
"1035","Wien","Wien"
"1037","Wien","Wien"
"1038","Wien","Wien"
"1039","Wien","Wien"
"1040","Wien","Wien"
"1041","Wien Postfach","Wien"
"1042","Wien","Wien"
"1043","Wien","Wien"
"1045","Wien","Wien"
"1050","Wien","Wien"
"1051","Wien Postfach","Wien"
"1052","Wien","Wien"
"1053","Wien","Wien"
"1060","Wien","Wien"
"1061","Wien Postfach","Wien"
"1063","Wien-VÖPh","Wien"
"1064","Wien","Wien"
"1065","Wien","Wien"
"1070","Wien","Wien"
"1071","Wien Postfach","Wien"
"1072","Wien","Wien"
"1075","Wien","Wien"
"1080","Wien","Wien"
"1081","Wien Postfach","Wien"
"1082","Wien","Wien"
"1090","Wien","Wien"
"1091","Wien Postfach","Wien"
"1092","Wien","Wien"
"1095","Wien","Wien"
"1097","Wien","Wien"
"1100","Wien","Wien"
"1101","Wien Postfach","Wien"
"1103","Wien","Wien"
"1104","Wien","Wien"
"1105","Wien","Wien"
"1106","Wien","Wien"
"1107","Wien","Wien"
"1108","Wien","Wien"
"1109","Wien","Wien"
"1110","Wien","Wien"
"1111","Wien Postfach","Wien"
"1114","Wien","Wien"
"1115","Wien","Wien"
"1120","Wien","Wien"
"1121","Wien Postfach","Wien"
"1122","Wien","Wien"
"1124","Wien","Wien"
"1125","Wien","Wien"
"1127","Wien","Wien"
"1128","Wien","Wien"
"1130","Wien","Wien"
"1131","Wien Postfach","Wien"
"1132","Wien","Wien"
"1133","Wien","Wien"
"1134","Wien","Wien"
"1136","Wien","Wien"
"1140","Wien","Wien"
"1141","Wien Postfach","Wien"
"1142","Wien","Wien"
"1143","Wien","Wien"
"1146","Wien","Wien"
"1147","Wien","Wien"
"1148","Wien","Wien"
"1150","Wien","Wien"
"1151","Wien Postfach","Wien"
"1152","Wien","Wien"
"1153","Wien","Wien"
"1155","Wien","Wien"
"1156","Wien","Wien"
"1160","Wien","Wien"
"1161","Wien Postfach","Wien"
"1163","Wien","Wien"
"1165","Wien","Wien"
"1166","Wien","Wien"
"1170","Wien","Wien"
"1171","Wien Postfach","Wien"
"1172","Wien","Wien"
"1180","Wien","Wien"
"1181","Wien Postfach","Wien"
"1182","Wien","Wien"
"1183","Wien","Wien"
"1190","Wien","Wien"
"1191","Wien Postfach","Wien"
"1192","Wien","Wien"
"1193","Wien","Wien"
"1194","Wien","Wien"
"1195","Wien","Wien"
"1196","Wien","Wien"
"1200","Wien","Wien"
"1201","Wien Postfach","Wien"
"1203","Wien","Wien"
"1205","Wien","Wien"
"1208","Wien","Wien"
"1210","Wien","Wien"
"1211","Wien Postfach","Wien"
"1213","Wien","Wien"
"1215","Wien","Wien"
"1217","Wien","Wien"
"1218","Wien","Wien"
"1219","Wien","Wien"
"1220","Wien","Wien"
"1221","Wien Postfach","Wien"
"1222","Wien","Wien"
"1223","Wien","Wien"
"1224","Wien","Wien"
"1225","Wien","Wien"
"1228","Wien","Wien"
"1229","Wien","Wien"
"1230","Wien","Wien"
"1231","Wien Postfach","Wien"
"1233","Wien","Wien"
"1235","Wien","Wien"
"1236","Wien","Wien"
"1238","Wien","Wien"
"1239","Wien","Wien"
"1252","Wien","Wien"
"1254","Wien","Wien"
"1255","Wien","Wien"
"1300","Wien-Flughafen","Wien"
"1310","Wien","Wien"
"1321","Wien","Wien"
"1400","Wien-Vereinte Nationen","Wien"
"1402","Wien","Wien"
"1423","Wien","Wien"
"1500","UNDOF AUTCON","Wien"
"1502","AUTCON EUFOR","Wien"
"1503","AUTCON KFOR","Wien"
"1600","Wien","Wien"
"1610","Wien","Wien"
"2000","Stockerau","Niederösterreich"
"2002","Großmugl","Niederösterreich"
"2003","Leitzersdorf","Niederösterreich"
"2004","Niederhollabrunn","Niederösterreich"
"2011","Sierndorf","Niederösterreich"
"2013","Göllersdorf","Niederösterreich"
"2014","Breitenwaida","Niederösterreich"
"2020","Hollabrunn","Niederösterreich"
"2022","Immendorf","Niederösterreich"
"2023","Nappersdorf","Niederösterreich"
"2024","Mailberg","Niederösterreich"
"2031","Eggendorf im Thale","Niederösterreich"
"2032","Enzersdorf im Thale","Niederösterreich"
"2033","Kammersdorf","Niederösterreich"
"2034","Großharras","Niederösterreich"
"2041","Wullersdorf","Niederösterreich"
"2042","Guntersdorf","Niederösterreich"
"2051","Zellerndorf","Niederösterreich"
"2052","Pernersdorf-Pfaffendorf","Niederösterreich"
"2053","Jetzelsdorf","Niederösterreich"
"2054","Haugsdorf","Niederösterreich"
"2061","Hadres","Niederösterreich"
"2062","Seefeld-Großkadolz","Niederösterreich"
"2063","Zwingendorf","Niederösterreich"
"2064","Wulzeshofen","Niederösterreich"
"2070","Retz","Niederösterreich"
"2073","Schrattenthal","Niederösterreich"
"2074","Unterretzbach","Niederösterreich"
"2081","Niederfladnitz","Niederösterreich"
"2082","Hardegg","Niederösterreich"
"2083","Pleißing","Niederösterreich"
"2084","Weitersfeld","Niederösterreich"
"2091","Langau","Niederösterreich"
"2092","Riegersburg","Niederösterreich"
"2093","Geras","Niederösterreich"
"2094","Zissersdorf","Niederösterreich"
"2095","Drosendorf","Niederösterreich"
"2100","Korneuburg","Niederösterreich"
"2102","Bisamberg","Niederösterreich"
"2103","Langenzersdorf","Niederösterreich"
"2104","Spillern","Niederösterreich"
"2105","Oberrohrbach","Niederösterreich"
"2106","Klein-Engersdorf","Niederösterreich"
"2111","Rückersdorf-Harmannsdorf","Niederösterreich"
"2112","Würnitz","Niederösterreich"
"2113","Karnabrunn","Niederösterreich"
"2114","Großrußbach","Niederösterreich"
"2115","Ernstbrunn","Niederösterreich"
"2116","Niederleis","Niederösterreich"
"2120","Wolkersdorf im Weinviertel","Niederösterreich"
"2122","Ulrichskirchen","Niederösterreich"
"2123","Schleinbach","Niederösterreich"
"2124","Niederkreuzstetten","Niederösterreich"
"2125","Neubau","Niederösterreich"
"2126","Ladendorf","Niederösterreich"
"2127","Hautzendorf","Niederösterreich"
"2128","Wolfpassing","Niederösterreich"
"2130","Mistelbach","Niederösterreich"
"2132","Frättingsdorf","Niederösterreich"
"2133","Loosdorf","Niederösterreich"
"2134","Staatz-Kautendorf","Niederösterreich"
"2135","Neudorf im Weinviertel","Niederösterreich"
"2136","Laa an der Thaya","Niederösterreich"
"2137","Eibesthal","Niederösterreich"
"2141","Ameis","Niederösterreich"
"2143","Großkrut","Niederösterreich"
"2144","Altlichtenwarth","Niederösterreich"
"2145","Hausbrunn","Niederösterreich"
"2151","Asparn an der Zaya","Niederösterreich"
"2152","Gnadendorf","Niederösterreich"
"2153","Stronsdorf","Niederösterreich"
"2154","Unterstinkenbrunn","Niederösterreich"
"2161","Poysbrunn","Niederösterreich"
"2162","Falkenstein","Niederösterreich"
"2163","Ottenthal","Niederösterreich"
"2164","Wildendürnbach","Niederösterreich"
"2165","Drasenhofen","Niederösterreich"
"2170","Poysdorf","Niederösterreich"
"2171","Herrnbaumgarten","Niederösterreich"
"2172","Schrattenberg","Niederösterreich"
"2173","Kleinhadersdorf","Niederösterreich"
"2181","Dobermannsdorf","Niederösterreich"
"2182","Palterndorf","Niederösterreich"
"2183","Neusiedl an der Zaya","Niederösterreich"
"2184","Hauskirchen","Niederösterreich"
"2185","Prinzendorf an der Zaya","Niederösterreich"
"2191","Gaweinstal","Niederösterreich"
"2192","Kettlasbrunn","Niederösterreich"
"2193","Wilfersdorf","Niederösterreich"
"2201","Gerasdorf","Niederösterreich"
"2202","Enzersfeld","Niederösterreich"
"2203","Großebersdorf","Niederösterreich"
"2211","Pillichsdorf","Niederösterreich"
"2212","Großengersdorf","Niederösterreich"
"2213","Bockfließ","Niederösterreich"
"2214","Auersthal","Niederösterreich"
"2215","Raggendorf","Niederösterreich"
"2221","Groß Schweinbarth","Niederösterreich"
"2222","Bad Pirawarth","Niederösterreich"
"2223","Hohenruppersdorf","Niederösterreich"
"2224","Obersulz","Niederösterreich"
"2225","Zistersdorf","Niederösterreich"
"2230","Gänserndorf","Niederösterreich"
"2231","Strasshof an der Nordbahn","Niederösterreich"
"2232","Deutsch Wagram","Niederösterreich"
"2241","Schönkirchen","Niederösterreich"
"2242","Prottes","Niederösterreich"
"2243","Matzen","Niederösterreich"
"2244","Spannberg","Niederösterreich"
"2245","Velm-Götzendorf","Niederösterreich"
"2251","Ebenthal","Niederösterreich"
"2252","Ollersdorf","Niederösterreich"
"2253","Weikendorf","Niederösterreich"
"2261","Angern an der March","Niederösterreich"
"2262","Stillfried","Niederösterreich"
"2263","Dürnkrut","Niederösterreich"
"2264","Jedenspeigen","Niederösterreich"
"2265","Drösing","Niederösterreich"
"2272","Niederabsdorf","Niederösterreich"
"2273","Hohenau an der March","Niederösterreich"
"2274","Rabensburg","Niederösterreich"
"2275","Bernhardsthal","Niederösterreich"
"2276","Reintal","Niederösterreich"
"2280","Glinzendorf","Niederösterreich"
"2281","Raasdorf","Niederösterreich"
"2282","Markgrafneusiedl","Niederösterreich"
"2283","Obersiebenbrunn","Niederösterreich"
"2284","Untersiebenbrunn","Niederösterreich"
"2285","Leopoldsdorf im Marchfelde","Niederösterreich"
"2286","Haringsee","Niederösterreich"
"2291","Lassee","Niederösterreich"
"2292","Engelhartstetten","Niederösterreich"
"2293","Marchegg Stadt","Niederösterreich"
"2294","Marchegg Bahnhof","Niederösterreich"
"2295","Oberweiden","Niederösterreich"
"2301","Groß-Enzersdorf","Niederösterreich"
"2304","Orth an der Donau","Niederösterreich"
"2305","Eckartsau","Niederösterreich"
"2320","Schwechat","Niederösterreich"
"2322","Zwölfaxing","Niederösterreich"
"2324","Schwechat-Rannersdorf","Niederösterreich"
"2325","Himberg","Niederösterreich"
"2326","Maria Lanzendorf","Niederösterreich"
"2331","Vösendorf","Niederösterreich"
"2332","Hennersdorf","Niederösterreich"
"2333","Leopoldsdorf","Niederösterreich"
"2334","Vösendorf","Niederösterreich"
"2340","Mödling","Niederösterreich"
"2344","Maria Enzersdorf","Niederösterreich"
"2345","Brunn am Gebirge","Niederösterreich"
"2346","Maria Enzersdorf-Südstadt","Niederösterreich"
"2348","Mödling","Niederösterreich"
"2349","Mödling","Niederösterreich"
"2351","Wiener Neudorf","Niederösterreich"
"2352","Gumpoldskirchen","Niederösterreich"
"2353","Guntramsdorf","Niederösterreich"
"2355","Wiener Neudorf","Niederösterreich"
"2356","Wiener Neudorf","Niederösterreich"
"2361","Laxenburg","Niederösterreich"
"2362","Biedermannsdorf","Niederösterreich"
"2371","Hinterbrühl","Niederösterreich"
"2372","Gießhübl","Niederösterreich"
"2380","Perchtoldsdorf","Niederösterreich"
"2381","Laab im Walde","Niederösterreich"
"2382","Perchtoldsdorf","Niederösterreich"
"2384","Breitenfurt bei Wien","Niederösterreich"
"2391","Kaltenleutgeben","Niederösterreich"
"2392","Sulz im Wienerwald","Niederösterreich"
"2393","Sittendorf","Niederösterreich"
"2401","Fischamend","Niederösterreich"
"2402","Maria Ellend","Niederösterreich"
"2403","Regelsbrunn","Niederösterreich"
"2404","Petronell","Niederösterreich"
"2405","Bad Deutsch Altenburg","Niederösterreich"
"2406","Haslau an der Donau","Niederösterreich"
"2410","Hainburg an der Donau","Niederösterreich"
"2412","Wolfsthal","Niederösterreich"
"2413","Berg","Niederösterreich"
"2421","Kittsee","Burgenland"
"2422","Pama","Burgenland"
"2423","Deutsch Jahrndorf","Burgenland"
"2424","Zurndorf","Burgenland"
"2425","Nickelsdorf","Burgenland"
"2431","Kleinneusiedl","Niederösterreich"
"2432","Schwadorf","Niederösterreich"
"2433","Margarethen am Moos","Niederösterreich"
"2434","Götzendorf an der Leitha","Niederösterreich"
"2435","Ebergassing","Niederösterreich"
"2440","Gramatneusiedl","Niederösterreich"
"2441","Mitterndorf an der Fischa","Niederösterreich"
"2442","Unterwaltersdorf","Niederösterreich"
"2443","Deutsch-Brodersdorf","Niederösterreich"
"2444","Seibersdorf","Niederösterreich"
"2445","Leithaprodersdorf","Niederösterreich"
"2451","Hof am Leithaberge","Niederösterreich"
"2452","Mannersdorf am Leithagebirge","Niederösterreich"
"2453","Sommerein","Niederösterreich"
"2454","Trautmannsdorf an der Leitha","Niederösterreich"
"2460","Bruck an der Leitha","Niederösterreich"
"2462","Wilfleinsdorf","Niederösterreich"
"2463","Stixneusiedl","Niederösterreich"
"2464","Göttlesbrunn","Niederösterreich"
"2465","Höflein","Niederösterreich"
"2471","Rohrau","Niederösterreich"
"2472","Prellenkirchen","Niederösterreich"
"2473","Potzneusiedl","Burgenland"
"2474","Gattendorf","Burgenland"
"2475","Neudorf","Burgenland"
"2481","Achau","Niederösterreich"
"2482","Münchendorf","Niederösterreich"
"2483","Ebreichsdorf","Niederösterreich"
"2484","Weigelsdorf"," Fischa","Niederösterreich"
"2485","Wampersdorf","Niederösterreich"
"2486","Pottendorf","Niederösterreich"
"2490","Ebenfurth","Niederösterreich"
"2491","Neufeld an der Leitha","Burgenland"
"2492","Eggendorf","Niederösterreich"
"2493","Lichtenwörth-Nadelburg","Niederösterreich"
"2500","Baden","Niederösterreich"
"2504","Sooß","Niederösterreich"
"2505","Baden-Leesdorf","Niederösterreich"
"2511","Pfaffstätten","Niederösterreich"
"2512","Tribuswinkel","Niederösterreich"
"2513","Möllersdorf","Niederösterreich"
"2514","Traiskirchen","Niederösterreich"
"2521","Trumau","Niederösterreich"
"2522","Oberwaltersdorf","Niederösterreich"
"2523","Tattendorf","Niederösterreich"
"2524","Teesdorf","Niederösterreich"
"2525","Günselsdorf","Niederösterreich"
"2531","Gaaden","Niederösterreich"
"2532","Heiligenkreuz im Wienerwald","Niederösterreich"
"2533","Klausen-Leopoldsdorf","Niederösterreich"
"2534","Alland","Niederösterreich"
"2540","Bad Vöslau","Niederösterreich"
"2542","Kottingbrunn","Niederösterreich"
"2544","Leobersdorf","Niederösterreich"
"2551","Enzesfeld-Lindabrunn","Niederösterreich"
"2552","Hirtenberg","Niederösterreich"
"2560","Berndorf","Niederösterreich"
"2563","Pottenstein","Niederösterreich"
"2564","Weissenbach an der Triesting","Niederösterreich"
"2565","Neuhaus","Niederösterreich"
"2571","Altenmarkt-Thenneberg","Niederösterreich"
"2572","Kaumberg","Niederösterreich"
"2601","Sollenau","Niederösterreich"
"2602","Blumau-Neurißhof","Niederösterreich"
"2603","Felixdorf","Niederösterreich"
"2604","Theresienfeld","Niederösterreich"
"2620","Neunkirchen","Niederösterreich"
"2624","Breitenau","Niederösterreich"
"2625","Schwarzau am Steinfelde","Niederösterreich"
"2630","Ternitz","Niederösterreich"
"2631","Sieding-Stixenstein","Niederösterreich"
"2632","Wimpassing im Schwarzatale","Niederösterreich"
"2640","Gloggnitz","Niederösterreich"
"2641","Schottwien","Niederösterreich"
"2642","Maria Schutz","Niederösterreich"
"2650","Payerbach","Niederösterreich"
"2651","Reichenau an der Rax","Niederösterreich"
"2654","Prein an der Rax","Niederösterreich"
"2661","Naßwald","Niederösterreich"
"2662","Schwarzau im Gebirge","Niederösterreich"
"2663","Rohr im Gebirge","Niederösterreich"
"2671","Küb","Niederösterreich"
"2673","Breitenstein","Niederösterreich"
"2680","Semmering","Niederösterreich"
"2700","Wiener Neustadt","Niederösterreich"
"2703","Wiener Neustadt","Niederösterreich"
"2705","Wiener Neustadt","Niederösterreich"
"2706","Wiener Neustadt","Niederösterreich"
"2707","Wiener Neustadt","Niederösterreich"
"2721","Bad Fischau","Niederösterreich"
"2722","Winzendorf","Niederösterreich"
"2723","Muthmannsdorf","Niederösterreich"
"2724","Hohe Wand-Stollhof","Niederösterreich"
"2731","St. Egyden am Steinfeld","Niederösterreich"
"2732","Willendorf","Niederösterreich"
"2733","Grünbach am Schneeberg","Niederösterreich"
"2734","Puchberg am Schneeberg","Niederösterreich"
"2751","Steinabrückl","Niederösterreich"
"2752","Wöllersdorf","Niederösterreich"
"2753","Markt Piesting","Niederösterreich"
"2754","Waldegg","Niederösterreich"
"2755","Oed","Niederösterreich"
"2761","Miesenbach","Niederösterreich"
"2763","Pernitz","Niederösterreich"
"2770","Gutenstein","Niederösterreich"
"2801","Katzelsdorf","Niederösterreich"
"2802","Hochwolkersdorf","Niederösterreich"
"2803","Schwarzenbach","Niederösterreich"
"2811","Wiesmath","Niederösterreich"
"2812","Hollenthon","Niederösterreich"
"2813","Lichtenegg","Niederösterreich"
"2821","Lanzenkirchen","Niederösterreich"
"2822","Bad Erlach","Niederösterreich"
"2823","Pitten","Niederösterreich"
"2824","Seebenstein","Niederösterreich"
"2831","Warth","Niederösterreich"
"2832","Thernberg","Niederösterreich"
"2833","Bromberg","Niederösterreich"
"2840","Grimmenstein","Niederösterreich"
"2842","Edlitz","Niederösterreich"
"2851","Krumbach","Niederösterreich"
"2852","Hochneukirchen","Niederösterreich"
"2853","Bad Schönau","Niederösterreich"
"2860","Kirchschlag in der Buckligen Welt","Niederösterreich"
"2870","Aspang","Niederösterreich"
"2871","Zöbern","Niederösterreich"
"2872","Mönichkirchen","Niederösterreich"
"2873","Feistritz am Wechsel","Niederösterreich"
"2880","Kirchberg am Wechsel","Niederösterreich"
"2881","Trattenbach","Niederösterreich"
"3001","Mauerbach","Niederösterreich"
"3002","Purkersdorf","Niederösterreich"
"3003","Gablitz","Niederösterreich"
"3004","Ried am Riederberg","Niederösterreich"
"3011","Untertullnerbach","Niederösterreich"
"3012","Wolfsgraben","Niederösterreich"
"3013","Tullnerbach-Lawies","Niederösterreich"
"3021","Pressbaum","Niederösterreich"
"3031","Rekawinkel","Niederösterreich"
"3032","Eichgraben","Niederösterreich"
"3033","Altlengbach","Niederösterreich"
"3034","Maria Anzbach","Niederösterreich"
"3040","Neulengbach","Niederösterreich"
"3041","Asperhofen","Niederösterreich"
"3042","Würmla","Niederösterreich"
"3051","St. Christophen","Niederösterreich"
"3052","Innermanzing","Niederösterreich"
"3053","Laaben","Niederösterreich"
"3061","Ollersbach","Niederösterreich"
"3062","Kirchstetten","Niederösterreich"
"3071","Böheimkirchen","Niederösterreich"
"3072","Kasten bei Böheimkirchen","Niederösterreich"
"3073","Stössing","Niederösterreich"
"3074","Michelbach","Niederösterreich"
"3100","St. Pölten","Niederösterreich"
"3101","St. Pölten Postfach","Niederösterreich"
"3104","St. Pölten-Harland","Niederösterreich"
"3105","St. Pölten-Radlberg","Niederösterreich"
"3106","St. Pölten-Spratzern","Niederösterreich"
"3107","St. Pölten-Traisenpark","Niederösterreich"
"3108","St. Pölten-Wagram","Niederösterreich"
"3109","St. Pölten","Niederösterreich"
"3110","Neidling","Niederösterreich"
"3111","St. Pölten","Niederösterreich"
"3121","Karlstetten","Niederösterreich"
"3122","Gansbach","Niederösterreich"
"3123","Obritzberg","Niederösterreich"
"3124","Oberwölbling","Niederösterreich"
"3125","Statzendorf","Niederösterreich"
"3130","Herzogenburg","Niederösterreich"
"3131","Getzersdorf","Niederösterreich"
"3133","Traismauer","Niederösterreich"
"3134","Nußdorf","Niederösterreich"
"3140","Pottenbrunn","Niederösterreich"
"3141","Kapelln","Niederösterreich"
"3142","Perschling","Niederösterreich"
"3143","Pyhra","Niederösterreich"
"3144","Wald","Niederösterreich"
"3150","Wilhelmsburg","Niederösterreich"
"3151","St. Georgen am Steinfelde","Niederösterreich"
"3153","Eschenau","Niederösterreich"
"3160","Traisen","Niederösterreich"
"3161","St. Veit an der Gölsen","Niederösterreich"
"3162","Rainfeld","Niederösterreich"
"3163","Rohrbach","Niederösterreich"
"3170","Hainfeld","Niederösterreich"
"3171","Kleinzell-Salzerbad","Niederösterreich"
"3172","Ramsau","Niederösterreich"
"3180","Lilienfeld","Niederösterreich"
"3182","Marktl"," Traisental","Niederösterreich"
"3183","Freiland","Niederösterreich"
"3184","Türnitz","Niederösterreich"
"3192","Hohenberg","Niederösterreich"
"3193","St. Aegyd am Neuwalde","Niederösterreich"
"3195","Kernhof","Niederösterreich"
"3200","Ober-Grafendorf","Niederösterreich"
"3202","Hofstetten","Niederösterreich"
"3203","Rabenstein an der Pielach","Niederösterreich"
"3204","Kirchberg an der Pielach","Niederösterreich"
"3205","Weinburg","Niederösterreich"
"3211","Loich","Niederösterreich"
"3212","Schwarzenbach an der Pielach","Niederösterreich"
"3213","Frankenfels","Niederösterreich"
"3214","Puchenstuben","Niederösterreich"
"3221","Gösing an der Mariazellerbahn","Niederösterreich"
"3222","Annaberg","Niederösterreich"
"3223","Wienerbruck","Niederösterreich"
"3224","Mitterbach","Niederösterreich"
"3231","St. Margarethen an der Sierning","Niederösterreich"
"3232","Bischofstetten","Niederösterreich"
"3233","Kilb","Niederösterreich"
"3240","Mank","Niederösterreich"
"3241","Kirnberg an der Mank","Niederösterreich"
"3242","Texing","Niederösterreich"
"3243","St. Leonhard am Forst","Niederösterreich"
"3244","Ruprechtshofen","Niederösterreich"
"3250","Wieselburg","Niederösterreich"
"3251","Purgstall","Niederösterreich"
"3252","Petzenkirchen","Niederösterreich"
"3253","Erlauf","Niederösterreich"
"3254","Bergland","Niederösterreich"
"3261","Steinakirchen am Forst","Niederösterreich"
"3262","Wang","Niederösterreich"
"3263","Randegg","Niederösterreich"
"3264","Gresten","Niederösterreich"
"3270","Scheibbs","Niederösterreich"
"3281","Oberndorf an der Melk","Niederösterreich"
"3282","St. Georgen an der Leys","Niederösterreich"
"3283","St. Anton an der Jeßnitz","Niederösterreich"
"3291","Kienberg","Niederösterreich"
"3292","Gaming","Niederösterreich"
"3293","Lunz am See","Niederösterreich"
"3294","Langau","Niederösterreich"
"3295","Lackenhof","Niederösterreich"
"3300","Amstetten","Niederösterreich"
"3304","St. Georgen am Ybbsfelde","Niederösterreich"
"3311","Zeillern","Niederösterreich"
"3312","Oed","Niederösterreich"
"3313","Wallsee","Niederösterreich"
"3314","Strengberg","Niederösterreich"
"3321","Ardagger","Niederösterreich"
"3322","Viehdorf","Niederösterreich"
"3323","Neustadtl an der Donau","Niederösterreich"
"3324","Euratsfeld","Niederösterreich"
"3325","Ferschnitz","Niederösterreich"
"3331","Kematen","Niederösterreich"
"3332","Rosenau am Sonntagberg","Niederösterreich"
"3333","Böhlerwerk","Niederösterreich"
"3334","Gaflenz","Oberösterreich"
"3335","Weyer","Oberösterreich"
"3340","Waidhofen an der Ybbs","Niederösterreich"
"3341","Ybbsitz","Niederösterreich"
"3342","Opponitz","Niederösterreich"
"3343","Hollenstein an der Ybbs","Niederösterreich"
"3344","St. Georgen am Reith","Niederösterreich"
"3345","Göstling an der Ybbs","Niederösterreich"
"3350","Haag","Niederösterreich"
"3351","Weistrach","Niederösterreich"
"3352","St. Peter in der Au","Niederösterreich"
"3353","Seitenstetten","Niederösterreich"
"3354","Wolfsbach","Niederösterreich"
"3355","Ertl","Niederösterreich"
"3356","Biberbach","Niederösterreich"
"3361","Aschbach Markt","Niederösterreich"
"3362","Mauer-Öhling","Niederösterreich"
"3363","Ulmerfeld-Hausmening","Niederösterreich"
"3364","Neuhofen an der Ybbs","Niederösterreich"
"3365","Allhartsberg","Niederösterreich"
"3366","Kühberg","Niederösterreich"
"3370","Ybbs an der Donau","Niederösterreich"
"3371","Neumarkt an der Ybbs","Niederösterreich"
"3372","Blindenmarkt","Niederösterreich"
"3373","Kemmelbach","Niederösterreich"
"3374","Säusenstein","Niederösterreich"
"3375","Krummnußbaum","Niederösterreich"
"3376","St. Martin-Karlsbach","Niederösterreich"
"3380","Pöchlarn","Niederösterreich"
"3381","Golling","Niederösterreich"
"3382","Loosdorf","Niederösterreich"
"3383","Hürm","Niederösterreich"
"3384","Groß Sierning","Niederösterreich"
"3385","Prinzersdorf","Niederösterreich"
"3386","Hafnerbach","Niederösterreich"
"3387","Groß Sierning","Niederösterreich"
"3390","Melk","Niederösterreich"
"3392","Schönbühel an der Donau","Niederösterreich"
"3393","Matzleinsdorf","Niederösterreich"
"3400","Klosterneuburg","Niederösterreich"
"3402","Klosterneuburg","Niederösterreich"
"3404","Klosterneuburg","Niederösterreich"
"3413","Hintersdorf","Niederösterreich"
"3420","Kritzendorf","Niederösterreich"
"3421","Höflein an der Donau","Niederösterreich"
"3422","Greifenstein","Niederösterreich"
"3423","St. Andrä-Wördern","Niederösterreich"
"3424","Zeiselmauer","Niederösterreich"
"3425","Langenlebarn","Niederösterreich"
"3426","Muckendorf-Wipfing","Niederösterreich"
"3430","Tulln an der Donau","Niederösterreich"
"3433","Königstetten","Niederösterreich"
"3434","Tulbing","Niederösterreich"
"3435","Zwentendorf an der Donau","Niederösterreich"
"3441","Judenau","Niederösterreich"
"3442","Langenrohr","Niederösterreich"
"3443","Sieghartskirchen","Niederösterreich"
"3451","Michelhausen","Niederösterreich"
"3452","Atzenbrugg","Niederösterreich"
"3454","Sitzenberg-Reidling","Niederösterreich"
"3455","Heiligeneich","Niederösterreich"
"3462","Absdorf","Niederösterreich"
"3463","Stetteldorf am Wagram","Niederösterreich"
"3464","Hausleiten","Niederösterreich"
"3465","Königsbrunn am Wagram","Niederösterreich"
"3470","Kirchberg am Wagram","Niederösterreich"
"3471","Großriedenthal","Niederösterreich"
"3472","Hohenwarth","Niederösterreich"
"3473","Mühlbach am Manhartsberg","Niederösterreich"
"3474","Altenwörth","Niederösterreich"
"3481","Fels am Wagram","Niederösterreich"
"3482","Gösing am Wagram","Niederösterreich"
"3483","Feuersbrunn","Niederösterreich"
"3484","Grafenwörth","Niederösterreich"
"3485","Haitzendorf","Niederösterreich"
"3491","Straß im Straßertale","Niederösterreich"
"3492","Etsdorf am Kamp","Niederösterreich"
"3493","Hadersdorf am Kamp","Niederösterreich"
"3494","Gedersdorf","Niederösterreich"
"3495","Rohrendorf bei Krems","Niederösterreich"
"3500","Krems an der Donau","Niederösterreich"
"3501","Krems-Lerchenfeld","Niederösterreich"
"3503","Krems-Rehberg","Niederösterreich"
"3504","Krems-Stein","Niederösterreich"
"3505","Krems","Niederösterreich"
"3506","Krems-Hollenburg","Niederösterreich"
"3508","Paudorf","Niederösterreich"
"3511","Furth bei Göttweig","Niederösterreich"
"3512","Mautern","Niederösterreich"
"3521","Obermeisling","Niederösterreich"
"3522","Lichtenau","Niederösterreich"
"3524","Grainbrunn","Niederösterreich"
"3525","Sallingberg","Niederösterreich"
"3531","Niedernondorf","Niederösterreich"
"3532","Rastenfeld","Niederösterreich"
"3533","Friedersbach","Niederösterreich"
"3541","Senftenberg","Niederösterreich"
"3542","Gföhl","Niederösterreich"
"3543","Krumau am Kamp","Niederösterreich"
"3544","Idolsberg","Niederösterreich"
"3550","Langenlois","Niederösterreich"
"3552","Lengenfeld","Niederösterreich"
"3553","Schiltern","Niederösterreich"
"3561","Zöbing","Niederösterreich"
"3562","Schönberg","Niederösterreich"
"3564","Plank am Kamp","Niederösterreich"
"3571","Gars am Kamp","Niederösterreich"
"3572","St. Leonhard am Hornerwald","Niederösterreich"
"3573","Rosenburg","Niederösterreich"
"3580","Horn","Niederösterreich"
"3591","Altenburg","Niederösterreich"
"3592","Röhrenbach","Niederösterreich"
"3593","Neupölla","Niederösterreich"
"3594","Franzen","Niederösterreich"
"3595","Brunn an der Wild","Niederösterreich"
"3601","Dürnstein","Niederösterreich"
"3602","Rossatz","Niederösterreich"
"3610","Weißenkirchen in der Wachau","Niederösterreich"
"3611","Großheinrichschlag","Niederösterreich"
"3613","Albrechtsberg an der Großen Krems","Niederösterreich"
"3620","Spitz","Niederösterreich"
"3621","Mitterarnsdorf","Niederösterreich"
"3622","Mühldorf","Niederösterreich"
"3623","Kottes","Niederösterreich"
"3631","Ottenschlag","Niederösterreich"
"3632","Bad Traunstein","Niederösterreich"
"3633","Schönbach","Niederösterreich"
"3641","Aggsbach Markt","Niederösterreich"
"3642","Aggsbach Dorf","Niederösterreich"
"3643","Maria Laach am Jauerling","Niederösterreich"
"3644","Emmersdorf an der Donau","Niederösterreich"
"3650","Pöggstall","Niederösterreich"
"3652","Leiben","Niederösterreich"
"3653","Weiten","Niederösterreich"
"3654","Raxendorf","Niederösterreich"
"3660","Klein-Pöchlarn","Niederösterreich"
"3661","Artstetten","Niederösterreich"
"3662","Münichreith","Niederösterreich"
"3663","Laimbach am Ostrong","Niederösterreich"
"3664","Martinsberg","Niederösterreich"
"3665","Gutenbrunn","Niederösterreich"
"3671","Marbach an der Donau","Niederösterreich"
"3672","Maria Taferl","Niederösterreich"
"3680","Persenbeug","Niederösterreich"
"3681","Hofamt Priel","Niederösterreich"
"3683","Yspertal","Niederösterreich"
"3684","St. Oswald","Niederösterreich"
"3691","Nöchling","Niederösterreich"
"3701","Großweikersdorf","Niederösterreich"
"3702","Niederrußbach","Niederösterreich"
"3704","Glaubendorf","Niederösterreich"
"3710","Ziersdorf","Niederösterreich"
"3711","Großmeiseldorf","Niederösterreich"
"3712","Maissau","Niederösterreich"
"3713","Harmannsdorf","Niederösterreich"
"3714","Sitzendorf an der Schmida","Niederösterreich"
"3720","Ravelsbach","Niederösterreich"
"3721","Limberg","Niederösterreich"
"3722","Straning","Niederösterreich"
"3730","Eggenburg","Niederösterreich"
"3741","Pulkau","Niederösterreich"
"3742","Theras","Niederösterreich"
"3743","Röschitz","Niederösterreich"
"3744","Stockern","Niederösterreich"
"3751","Sigmundsherberg","Niederösterreich"
"3752","Walkenstein","Niederösterreich"
"3753","Hötzelsdorf","Niederösterreich"
"3754","Irnfritz","Niederösterreich"
"3761","Messern","Niederösterreich"
"3762","Ludweis","Niederösterreich"
"3763","Japons","Niederösterreich"
"3800","Göpfritz an der Wild","Niederösterreich"
"3804","Allentsteig","Niederösterreich"
"3811","Kirchberg an der Wild","Niederösterreich"
"3812","Groß Siegharts","Niederösterreich"
"3813","Dietmanns","Niederösterreich"
"3814","Aigen","Niederösterreich"
"3820","Raabs an der Thaya","Niederösterreich"
"3822","Karlstein an der Thaya","Niederösterreich"
"3823","Weikertschlag an der Thaya","Niederösterreich"
"3824","Großau","Niederösterreich"
"3830","Waidhofen an der Thaya","Niederösterreich"
"3834","Pfaffenschlag bei Waidhofen an der Thaya","Niederösterreich"
"3841","Windigsteig","Niederösterreich"
"3842","Thaya","Niederösterreich"
"3843","Dobersberg","Niederösterreich"
"3844","Waldkirchen an der Thaya","Niederösterreich"
"3851","Kautzen","Niederösterreich"
"3852","Gastern","Niederösterreich"
"3860","Heidenreichstein","Niederösterreich"
"3861","Eggern","Niederösterreich"
"3862","Eisgarn","Niederösterreich"
"3863","Reingers","Niederösterreich"
"3871","Nagelberg","Niederösterreich"
"3872","Langegg","Niederösterreich"
"3873","Brand","Niederösterreich"
"3874","Litschau","Niederösterreich"
"3900","Schwarzenau","Niederösterreich"
"3902","Vitis","Niederösterreich"
"3903","Echsenbach","Niederösterreich"
"3910","Zwettl","Niederösterreich"
"3911","Rappottenstein","Niederösterreich"
"3912","Grafenschlag","Niederösterreich"
"3913","Großgöttfritz","Niederösterreich"
"3914","Waldhausen","Niederösterreich"
"3920","Groß Gerungs","Niederösterreich"
"3921","Langschlag","Niederösterreich"
"3922","Großschönau","Niederösterreich"
"3923","Jagenbach","Niederösterreich"
"3924","Rosenau Schloß","Niederösterreich"
"3925","Arbesbach","Niederösterreich"
"3931","Schweiggers","Niederösterreich"
"3932","Kirchberg am Walde","Niederösterreich"
"3942","Hirschbach","Niederösterreich"
"3943","Schrems","Niederösterreich"
"3944","Pürbach","Niederösterreich"
"3945","Hoheneich","Niederösterreich"
"3950","Gmünd","Niederösterreich"
"3961","Waldenstein","Niederösterreich"
"3962","Heinrichs bei Weitra","Niederösterreich"
"3970","Weitra","Niederösterreich"
"3971","St. Martin","Niederösterreich"
"3972","Bad Großpertholz","Niederösterreich"
"3973","Karlstift","Niederösterreich"
"4000","Allhaming","Oberösterreich"
"4010","Linz"," Donau","Oberösterreich"
"4016","Linz"," Donau","Oberösterreich"
"4018","Linz"," Donau","Oberösterreich"
"4020","Linz","Oberösterreich"
"4021","Linz"," Donau Postfach","Oberösterreich"
"4024","Linz"," Donau","Oberösterreich"
"4025","Linz"," Donau","Oberösterreich"
"4027","Linz","Oberösterreich"
"4030","Linz","Oberösterreich"
"4031","Linz"," Donau Postfach","Oberösterreich"
"4032","Linz","Oberösterreich"
"4033","Linz-Ebelsberg","Oberösterreich"
"4036","Linz","Oberösterreich"
"4040","Linz","Oberösterreich"
"4041","Linz"," Donau Postfach","Oberösterreich"
"4046","Linz"," Donau","Oberösterreich"
"4048","Puchenau","Oberösterreich"
"4050","Traun","Oberösterreich"
"4052","Ansfelden","Oberösterreich"
"4053","Haid","Oberösterreich"
"4055","Pucking","Oberösterreich"
"4056","Sankt Martin","Oberösterreich"
"4059","Leonding","Oberösterreich"
"4060","Leonding","Oberösterreich"
"4061","Pasching","Oberösterreich"
"4062","Thening","Oberösterreich"
"4063","Hörsching","Oberösterreich"
"4064","Oftering","Oberösterreich"
"4066","Pasching","Oberösterreich"
"4070","Eferding","Oberösterreich"
"4072","Alkoven","Oberösterreich"
"4073","Wilhering","Oberösterreich"
"4074","Stroheim","Oberösterreich"
"4075","Breitenaich","Oberösterreich"
"4076","St. Marienkirchen an der Polsenz","Oberösterreich"
"4077","Straßham","Oberösterreich"
"4078","Fraham","Oberösterreich"
"4081","Hartkirchen","Oberösterreich"
"4082","Aschach an der Donau","Oberösterreich"
"4083","Haibach ob der Donau","Oberösterreich"
"4084","St. Agatha","Oberösterreich"
"4085","Wesenufer","Oberösterreich"
"4090","Engelhartszell","Oberösterreich"
"4091","Vichtenstein","Oberösterreich"
"4092","Esternberg","Oberösterreich"
"4100","Ottensheim","Oberösterreich"
"4101","Feldkirchen an der Donau","Oberösterreich"
"4102","Goldwörth","Oberösterreich"
"4111","Walding","Oberösterreich"
"4112","Rottenegg","Oberösterreich"
"4113","St. Martin im Mühlkreis","Oberösterreich"
"4114","Neuhaus an der Donau","Oberösterreich"
"4115","Kleinzell im Mühlkreis","Oberösterreich"
"4116","St. Ulrich im Mühlkreis","Oberösterreich"
"4120","Neufelden","Oberösterreich"
"4121","Altenfelden","Oberösterreich"
"4122","Arnreit","Oberösterreich"
"4131","Kirchberg ob der Donau","Oberösterreich"
"4132","Lembach im Mühlkreis","Oberösterreich"
"4133","Niederkappel","Oberösterreich"
"4134","Putzleinsdorf","Oberösterreich"
"4141","Pfarrkirchen im Mühlkreis","Oberösterreich"
"4142","Hofkirchen im Mühlkreis","Oberösterreich"
"4143","Neustift im Mühlkreis","Oberösterreich"
"4144","Oberkappel","Oberösterreich"
"4150","Rohrbach in Oberösterreich","Oberösterreich"
"4151","Oepping","Oberösterreich"
"4152","Sarleinsbach","Oberösterreich"
"4153","Peilstein im Mühlviertel","Oberösterreich"
"4154","Kollerschlag","Oberösterreich"
"4155","Nebelberg","Oberösterreich"
"4160","Aigen-Schlägl","Oberösterreich"
"4161","Ulrichsberg","Oberösterreich"
"4162","Julbach","Oberösterreich"
"4163","Klaffer am Hochficht","Oberösterreich"
"4164","Schwarzenberg am Böhmerwald","Oberösterreich"
"4170","Haslach an der Mühl","Oberösterreich"
"4171","St. Peter am Wimberg","Oberösterreich"
"4172","St. Johann am Wimberg","Oberösterreich"
"4173","St. Veit im Mühlkreis","Oberösterreich"
"4174","Niederwaldkirchen","Oberösterreich"
"4175","Herzogsdorf","Oberösterreich"
"4180","Zwettl an der Rodl","Oberösterreich"
"4181","Oberneukirchen","Oberösterreich"
"4182","Waxenberg","Oberösterreich"
"4183","Traberg","Oberösterreich"
"4184","Helfenberg","Oberösterreich"
"4190","Bad Leonfelden","Oberösterreich"
"4191","Vorderweißenbach","Oberösterreich"
"4192","Schenkenfelden","Oberösterreich"
"4193","Reichenthal","Oberösterreich"
"4201","Gramastetten","Oberösterreich"
"4202","Hellmonsödt","Oberösterreich"
"4203","Altenberg bei Linz","Oberösterreich"
"4204","Reichenau im Mühlkreis","Oberösterreich"
"4205","Kirchschlag bei Linz","Oberösterreich"
"4209","Engerwitzdorf","Oberösterreich"
"4210","Gallneukirchen","Oberösterreich"
"4211","Alberndorf in der Riedmark","Oberösterreich"
"4212","Neumarkt im Mühlkreis","Oberösterreich"
"4213","Unterweitersdorf","Oberösterreich"
"4221","Steyregg","Oberösterreich"
"4222","St. Georgen an der Gusen","Oberösterreich"
"4223","Katsdorf","Oberösterreich"
"4224","Wartberg ob der Aist","Oberösterreich"
"4225","Luftenberg","Oberösterreich"
"4226","Langenstein","Oberösterreich"
"4230","Pregarten","Oberösterreich"
"4231","Untergaisbach","Oberösterreich"
"4232","Hagenberg im Mühlkreis","Oberösterreich"
"4240","Freistadt","Oberösterreich"
"4242","Hirschbach im Mühlkreis","Oberösterreich"
"4251","Sandl","Oberösterreich"
"4252","Liebenau","Oberösterreich"
"4261","Rainbach im Mühlkreis","Oberösterreich"
"4262","Leopoldschlag","Oberösterreich"
"4263","Windhaag bei Freistadt","Oberösterreich"
"4264","Grünbach","Oberösterreich"
"4271","St. Oswald bei Freistadt","Oberösterreich"
"4272","Weitersfelden","Oberösterreich"
"4273","Unterweißenbach","Oberösterreich"
"4274","Schönau im Mühlkreis","Oberösterreich"
"4280","Königswiesen","Oberösterreich"
"4281","Mönchdorf","Oberösterreich"
"4282","Pierbach","Oberösterreich"
"4283","Bad Zell","Oberösterreich"
"4284","Tragwein","Oberösterreich"
"4291","Lasberg","Oberösterreich"
"4292","Kefermarkt","Oberösterreich"
"4293","Gutau","Oberösterreich"
"4294","St. Leonhard bei Freistadt","Oberösterreich"
"4300","St. Valentin","Niederösterreich"
"4303","St. Pantaleon","Niederösterreich"
"4310","Mauthausen","Oberösterreich"
"4311","Schwertberg","Oberösterreich"
"4312","Ried in der Riedmark","Oberösterreich"
"4320","Perg","Oberösterreich"
"4322","Windhaag bei Perg","Oberösterreich"
"4323","Münzbach","Oberösterreich"
"4324","Rechberg","Oberösterreich"
"4331","Naarn","Oberösterreich"
"4332","Au an der Donau","Oberösterreich"
"4341","Arbing","Oberösterreich"
"4342","Baumgartenberg","Oberösterreich"
"4343","Mitterkirchen","Oberösterreich"
"4351","Saxen","Oberösterreich"
"4352","Klam","Oberösterreich"
"4360","Grein","Oberösterreich"
"4362","Bad Kreuzen","Oberösterreich"
"4363","Pabneukirchen","Oberösterreich"
"4364","St. Thomas","Oberösterreich"
"4371","Dimbach","Oberösterreich"
"4372","St. Georgen am Walde","Oberösterreich"
"4381","St. Nikola an der Donau","Oberösterreich"
"4382","Sarmingstein","Oberösterreich"
"4391","Waldhausen im Strudengau","Oberösterreich"
"4392","Dorfstetten","Niederösterreich"
"4400","Steyr","Oberösterreich"
"4401","Steyr Postfach","Oberösterreich"
"4403","Steyr","Oberösterreich"
"4405","Steyr-Münichholz","Oberösterreich"
"4407","Steyr-Gleink","Oberösterreich"
"4410","Steyr","Oberösterreich"
"4421","Aschach an der Steyr","Oberösterreich"
"4431","Haidershofen","Niederösterreich"
"4432","Ernsthofen","Niederösterreich"
"4441","Behamberg","Niederösterreich"
"4442","Kleinraming","Oberösterreich"
"4443","Maria Neustift","Oberösterreich"
"4451","Garsten","Oberösterreich"
"4452","Ternberg","Oberösterreich"
"4453","Trattenbach","Oberösterreich"
"4460","Losenstein","Oberösterreich"
"4461","Laussa","Oberösterreich"
"4462","Reichraming","Oberösterreich"
"4463","Großraming","Oberösterreich"
"4464","Kleinreifling","Oberösterreich"
"4470","Enns","Oberösterreich"
"4481","Asten","Oberösterreich"
"4482","Ennsdorf","Niederösterreich"
"4483","Hargelsberg","Oberösterreich"
"4484","Kronstorf","Oberösterreich"
"4490","St. Florian","Oberösterreich"
"4491","Niederneukirchen","Oberösterreich"
"4492","Hofkirchen im Traunkreis","Oberösterreich"
"4493","Wolfern","Oberösterreich"
"4501","Neuhofen an der Krems","Oberösterreich"
"4502","St. Marien","Oberösterreich"
"4511","Allhaming","Oberösterreich"
"4521","Schiedlberg","Oberösterreich"
"4522","Sierning","Oberösterreich"
"4523","Neuzeug","Oberösterreich"
"4531","Kematen an der Krems","Oberösterreich"
"4532","Rohr im Kremstal","Oberösterreich"
"4533","Piberbach","Oberösterreich"
"4540","Bad Hall","Oberösterreich"
"4541","Adlwang","Oberösterreich"
"4542","Nußbach","Oberösterreich"
"4550","Kremsmünster","Oberösterreich"
"4551","Ried im Traunkreis","Oberösterreich"
"4552","Wartberg an der Krems","Oberösterreich"
"4553","Schlierbach","Oberösterreich"
"4554","Oberschlierbach","Oberösterreich"
"4560","Kirchdorf an der Krems","Oberösterreich"
"4562","Steinbach am Ziehberg","Oberösterreich"
"4563","Micheldorf","Oberösterreich"
"4564","Klaus an der Pyhrnbahn","Oberösterreich"
"4565","Inzersdorf im Kremstal","Oberösterreich"
"4571","Steyrling","Oberösterreich"
"4572","St. Pankraz","Oberösterreich"
"4573","Hinterstoder","Oberösterreich"
"4574","Vorderstoder","Oberösterreich"
"4575","Roßleithen","Oberösterreich"
"4580","Windischgarsten","Oberösterreich"
"4581","Rosenau am Hengstpaß","Oberösterreich"
"4582","Spital am Pyhrn","Oberösterreich"
"4591","Molln","Oberösterreich"
"4592","Leonstein","Oberösterreich"
"4593","Obergrünburg","Oberösterreich"
"4594","Grünburg","Oberösterreich"
"4595","Waldneukirchen","Oberösterreich"
"4596","Steinbach an der Steyr","Oberösterreich"
"4600","Wels","Oberösterreich"
"4601","Wels","Oberösterreich"
"4602","Wels Postfach","Oberösterreich"
"4603","Wels","Oberösterreich"
"4605","Wels","Oberösterreich"
"4606","Wels","Oberösterreich"
"4609","Thalheim bei Wels","Oberösterreich"
"4610","Wels","Oberösterreich"
"4611","Buchkirchen","Oberösterreich"
"4612","Scharten","Oberösterreich"
"4613","Mistelbach bei Wels","Oberösterreich"
"4614","Marchtrenk","Oberösterreich"
"4615","Holzhausen","Oberösterreich"
"4616","Weißkirchen","Oberösterreich"
"4618","Höllwiesen","Oberösterreich"
"4619","Wels","Oberösterreich"
"4621","Sipbachzell","Oberösterreich"
"4622","Eggendorf im Traunkreis","Oberösterreich"
"4623","Gunskirchen","Oberösterreich"
"4624","Pennewang","Oberösterreich"
"4625","Offenhausen","Oberösterreich"
"4631","Krenglbach","Oberösterreich"
"4632","Pichl bei Wels","Oberösterreich"
"4633","Kematen am Innbach","Oberösterreich"
"4641","Steinhaus","Oberösterreich"
"4642","Sattledt","Oberösterreich"
"4643","Pettenbach","Oberösterreich"
"4644","Scharnstein","Oberösterreich"
"4645","Grünau im Almtal","Oberösterreich"
"4650","Lambach","Oberösterreich"
"4651","Stadl-Paura","Oberösterreich"
"4652","Steinerkirchen an der Traun","Oberösterreich"
"4653","Eberstalzell","Oberösterreich"
"4654","Bad Wimsbach-Neydharting","Oberösterreich"
"4655","Vorchdorf","Oberösterreich"
"4656","Kirchham","Oberösterreich"
"4657","Fischlham","Oberösterreich"
"4659","Edt bei Lambach","Oberösterreich"
"4661","Roitham am Traunfall","Oberösterreich"
"4662","Steyrermühl","Oberösterreich"
"4663","Laakirchen","Oberösterreich"
"4664","Oberweis","Oberösterreich"
"4671","Neukirchen bei Lambach","Oberösterreich"
"4672","Bachmanning","Oberösterreich"
"4673","Gaspoltshofen","Oberösterreich"
"4674","Altenhof am Hausruck","Oberösterreich"
"4675","Weibern","Oberösterreich"
"4676","Aistersheim","Oberösterreich"
"4680","Haag am Hausruck","Oberösterreich"
"4681","Rottenbach","Oberösterreich"
"4682","Geboltskirchen","Oberösterreich"
"4690","Schwanenstadt","Oberösterreich"
"4691","Breitenschützing","Oberösterreich"
"4692","Niederthalheim","Oberösterreich"
"4693","Desselbrunn","Oberösterreich"
"4694","Ohlsdorf","Oberösterreich"
"4701","Bad Schallerbach","Oberösterreich"
"4702","Wallern an der Trattnach","Oberösterreich"
"4707","Schlüßlberg","Oberösterreich"
"4710","Grieskirchen","Oberösterreich"
"4712","Michaelnbach","Oberösterreich"
"4713","Gallspach","Oberösterreich"
"4714","Meggenhofen","Oberösterreich"
"4715","Taufkirchen an der Trattnach","Oberösterreich"
"4716","Hofkirchen an der Trattnach","Oberösterreich"
"4720","Neumarkt im Hausruckkreis","Oberösterreich"
"4721","Altschwendt","Oberösterreich"
"4722","Peuerbach","Oberösterreich"
"4723","Natternbach","Oberösterreich"
"4724","Neukirchen am Walde","Oberösterreich"
"4725","St. Aegidi","Oberösterreich"
"4730","Waizenkirchen","Oberösterreich"
"4731","Prambachkirchen","Oberösterreich"
"4732","St. Thomas","Oberösterreich"
"4733","Heiligenberg","Oberösterreich"
"4741","Wendling","Oberösterreich"
"4742","Pram","Oberösterreich"
"4743","Peterskirchen","Oberösterreich"
"4751","Dorf","Oberösterreich"
"4752","Riedau","Oberösterreich"
"4753","Taiskirchen im Innkreis","Oberösterreich"
"4754","Andrichsfurt","Oberösterreich"
"4755","Zell an der Pram","Oberösterreich"
"4760","Raab","Oberösterreich"
"4761","Enzenkirchen","Oberösterreich"
"4762","St. Willibald","Oberösterreich"
"4770","Andorf","Oberösterreich"
"4771","Sigharting","Oberösterreich"
"4772","Lambrechten","Oberösterreich"
"4773","Eggerding","Oberösterreich"
"4774","St. Marienkirchen bei Schärding","Oberösterreich"
"4775","Taufkirchen an der Pram","Oberösterreich"
"4776","Diersbach","Oberösterreich"
"4777","Mayrhof","Oberösterreich"
"4780","Schärding","Oberösterreich"
"4782","St. Florian am Inn","Oberösterreich"
"4783","Wernstein am Inn","Oberösterreich"
"4784","Schardenberg","Oberösterreich"
"4785","Freinberg","Oberösterreich"
"4786","Brunnenthal","Oberösterreich"
"4791","Rainbach im Innkreis","Oberösterreich"
"4792","Münzkirchen","Oberösterreich"
"4793","St. Roman","Oberösterreich"
"4794","Kopfing im Innkreis","Oberösterreich"
"4800","Attnang-Puchheim","Oberösterreich"
"4801","Traunkirchen","Oberösterreich"
"4802","Ebensee","Oberösterreich"
"4810","Gmunden","Oberösterreich"
"4812","Pinsdorf","Oberösterreich"
"4813","Altmünster","Oberösterreich"
"4814","Neukirchen","Oberösterreich"
"4816","Gschwandt","Oberösterreich"
"4817","St. Konrad","Oberösterreich"
"4820","Bad Ischl","Oberösterreich"
"4821","Lauffen","Oberösterreich"
"4822","Bad Goisern am Hallstättersee","Oberösterreich"
"4823","Steeg","Oberösterreich"
"4824","Gosau","Oberösterreich"
"4825","Gosau-Hintertal","Oberösterreich"
"4829","Bad Ischl","Oberösterreich"
"4830","Hallstatt","Oberösterreich"
"4831","Obertraun","Oberösterreich"
"4840","Vöcklabruck","Oberösterreich"
"4841","Ungenach","Oberösterreich"
"4842","Zell am Pettenfirst","Oberösterreich"
"4843","Ampflwang","Oberösterreich"
"4844","Regau","Oberösterreich"
"4845","Rutzenmoos","Oberösterreich"
"4846","Redlham","Oberösterreich"
"4847","Vöcklabruck","Oberösterreich"
"4849","Puchkirchen am Trattberg","Oberösterreich"
"4850","Timelkam","Oberösterreich"
"4851","Gampern","Oberösterreich"
"4852","Weyregg am Attersee","Oberösterreich"
"4853","Steinbach am Attersee","Oberösterreich"
"4854","Weißenbach","Oberösterreich"
"4860","Lenzing","Oberösterreich"
"4861","Schörfling","Oberösterreich"
"4863","Seewalchen am Attersee","Oberösterreich"
"4864","Attersee","Oberösterreich"
"4865","Nußdorf am Attersee","Oberösterreich"
"4866","Unterach","Oberösterreich"
"4870","Vöcklamarkt","Oberösterreich"
"4871","Zipf","Oberösterreich"
"4872","Neukirchen an der Vöckla","Oberösterreich"
"4873","Frankenburg am Hausruck","Oberösterreich"
"4874","Pramet","Oberösterreich"
"4875","Redleiten","Oberösterreich"
"4880","St. Georgen im Attergau","Oberösterreich"
"4881","Straß im Attergau","Oberösterreich"
"4882","Oberwang","Oberösterreich"
"4890","Frankenmarkt","Oberösterreich"
"4891","Pöndorf","Oberösterreich"
"4892","Fornach","Oberösterreich"
"4893","Zell am Moos","Oberösterreich"
"4894","Oberhofen am Irrsee","Oberösterreich"
"4901","Ottnang","Oberösterreich"
"4902","Wolfsegg am Hausruck","Oberösterreich"
"4903","Manning","Oberösterreich"
"4904","Atzbach","Oberösterreich"
"4905","Thomasroith","Oberösterreich"
"4906","Eberschwang","Oberösterreich"
"4910","Ried im Innkreis","Oberösterreich"
"4911","Tumeltsham","Oberösterreich"
"4912","Neuhofen im Innkreis","Oberösterreich"
"4920","Schildorn","Oberösterreich"
"4921","Hohenzell","Oberösterreich"
"4922","Geiersberg","Oberösterreich"
"4923","Lohnsburg","Oberösterreich"
"4924","Waldzell","Oberösterreich"
"4925","Pramet","Oberösterreich"
"4926","St. Marienkirchen am Hausruck","Oberösterreich"
"4931","Mettmach","Oberösterreich"
"4932","Kirchheim im Innkreis","Oberösterreich"
"4933","Wildenau","Oberösterreich"
"4941","Mehrnbach","Oberösterreich"
"4942","Gurten","Oberösterreich"
"4943","Geinberg","Oberösterreich"
"4950","Altheim","Oberösterreich"
"4951","Polling im Innkreis","Oberösterreich"
"4952","Weng im Innkreis","Oberösterreich"
"4961","Mühlheim am Inn","Oberösterreich"
"4962","Mining","Oberösterreich"
"4963","St. Peter am Hart","Oberösterreich"
"4970","Eitzing","Oberösterreich"
"4971","Aurolzmünster","Oberösterreich"
"4972","Utzenaich","Oberösterreich"
"4973","St. Martin","Oberösterreich"
"4974","Ort im Innkreis","Oberösterreich"
"4975","Suben","Oberösterreich"
"4980","Antiesenhofen","Oberösterreich"
"4981","Reichersberg","Oberösterreich"
"4982","Obernberg am Inn","Oberösterreich"
"4983","St. Georgen bei Obernberg am Inn","Oberösterreich"
"4984","Weilbach","Oberösterreich"
"4985","Katzenberg","Oberösterreich"
"5000","Wals bei Salzburg","Salzburg"
"5010","Salzburg","Salzburg"
"5012","Salzburg","Salzburg"
"5013","Salzburg-Liefering","Salzburg"
"5014","Salzburg","Salzburg"
"5015","Salzburg","Salzburg"
"5016","Salzburg","Salzburg"
"5017","Salzburg","Salzburg"
"5018","Salzburg-Europark","Salzburg"
"5020","Salzburg","Salzburg"
"5021","Salzburg Postfach","Salzburg"
"5023","Salzburg-Gnigl","Salzburg"
"5024","Salzburg","Salzburg"
"5025","Salzburg-Parsch","Salzburg"
"5026","Salzburg-Aigen","Salzburg"
"5027","Salzburg","Salzburg"
"5033","Salzburg","Salzburg"
"5061","Elsbethen-Glasenbach","Salzburg"
"5071","Wals","Salzburg"
"5072","Siezenheim","Salzburg"
"5081","Anif","Salzburg"
"5082","Grödig","Salzburg"
"5083","Gartenau-St. Leonhard","Salzburg"
"5084","Großgmain","Salzburg"
"5089","Niederalm","Salzburg"
"5090","Lofer","Salzburg"
"5091","Unken","Salzburg"
"5092","St. Martin bei Lofer","Salzburg"
"5093","Weißbach bei Lofer","Salzburg"
"5101","Bergheim","Salzburg"
"5102","Anthering","Salzburg"
"5110","Oberndorf bei Salzburg","Salzburg"
"5111","Bürmoos","Salzburg"
"5112","Lamprechtshausen","Salzburg"
"5113","St. Georgen bei Salzburg","Salzburg"
"5114","Göming","Salzburg"
"5120","St. Pantaleon","Oberösterreich"
"5121","Ostermiething","Oberösterreich"
"5122","Ach","Oberösterreich"
"5123","Überackern","Oberösterreich"
"5131","Franking","Oberösterreich"
"5132","Geretsberg","Oberösterreich"
"5133","Gilgenberg am Weilhart","Oberösterreich"
"5134","Schwand im Innkreis","Oberösterreich"
"5141","Moosdorf","Oberösterreich"
"5142","Eggelsberg","Oberösterreich"
"5143","Feldkirchen bei Mattighofen","Oberösterreich"
"5144","Handenberg","Oberösterreich"
"5145","Neukirchen an der Enknach","Oberösterreich"
"5151","Nußdorf am Haunsberg","Salzburg"
"5152","Michaelbeuern","Salzburg"
"5161","Elixhausen","Salzburg"
"5162","Obertrum am See","Salzburg"
"5163","Mattsee","Salzburg"
"5164","Seeham","Salzburg"
"5165","Berndorf bei Salzburg","Salzburg"
"5166","Perwang am Grabensee","Oberösterreich"
"5201","Seekirchen","Salzburg"
"5202","Neumarkt am Wallersee","Salzburg"
"5203","Köstendorf","Salzburg"
"5204","Straßwalchen","Salzburg"
"5205","Schleedorf","Salzburg"
"5211","Friedburg","Oberösterreich"
"5212","Schneegattern","Oberösterreich"
"5221","Lochen am See","Oberösterreich"
"5222","Munderfing","Oberösterreich"
"5223","Pfaffstätt","Oberösterreich"
"5224","Auerbach","Oberösterreich"
"5225","Jeging","Oberösterreich"
"5230","Mattighofen","Oberösterreich"
"5231","Schalchen","Oberösterreich"
"5232","Kirchberg bei Mattighofen","Oberösterreich"
"5233","Pischelsdorf am Engelbach","Oberösterreich"
"5241","Maria Schmolln","Oberösterreich"
"5242","St. Johann am Walde","Oberösterreich"
"5251","Höhnhart","Oberösterreich"
"5252","Aspach","Oberösterreich"
"5261","Uttendorf","Oberösterreich"
"5270","Mauerkirchen","Oberösterreich"
"5271","Moosbach","Oberösterreich"
"5272","Treubach","Oberösterreich"
"5273","Roßbach","Oberösterreich"
"5274","Burgkirchen","Oberösterreich"
"5280","Braunau am Inn","Oberösterreich"
"5282","Braunau","Oberösterreich"
"5283","Braunau am Inn","Oberösterreich"
"5300","Hallwang","Salzburg"
"5301","Eugendorf","Salzburg"
"5302","Henndorf am Wallersee","Salzburg"
"5303","Thalgau","Salzburg"
"5310","Mondsee","Oberösterreich"
"5311","Loibichl","Oberösterreich"
"5321","Koppl","Salzburg"
"5322","Hof bei Salzburg","Salzburg"
"5323","Ebenau","Salzburg"
"5324","Faistenau","Salzburg"
"5325","Plainfeld","Salzburg"
"5330","Fuschl am See","Salzburg"
"5340","St. Gilgen","Salzburg"
"5342","Abersee","Salzburg"
"5350","Strobl","Salzburg"
"5351","Aigen-Voglhub","Salzburg"
"5360","St. Wolfgang im Salzkammergut","Oberösterreich"
"5400","Hallein","Salzburg"
"5411","Oberalm","Salzburg"
"5412","Puch bei Hallein","Salzburg"
"5421","Adnet","Salzburg"
"5422","Heilbad Dürrnberg","Salzburg"
"5423","St. Koloman","Salzburg"
"5424","Bad Vigaun","Salzburg"
"5425","Krispl","Salzburg"
"5431","Kuchl","Salzburg"
"5440","Golling an der Salzach","Salzburg"
"5441","Abtenau","Salzburg"
"5442","Rußbach am Paß Gschütt","Salzburg"
"5450","Werfen","Salzburg"
"5451","Tenneck","Salzburg"
"5452","Pfarrwerfen","Salzburg"
"5453","Werfenweng","Salzburg"
"5500","Bischofshofen","Salzburg"
"5505","Mühlbach am Hochkönig","Salzburg"
"5511","Hüttau","Salzburg"
"5521","Niedernfritz","Salzburg"
"5522","St. Martin am Tennengebirge","Salzburg"
"5523","Lungötz","Salzburg"
"5524","Annaberg","Salzburg"
"5531","Eben im Pongau","Salzburg"
"5532","Filzmoos","Salzburg"
"5541","Altenmarkt im Pongau","Salzburg"
"5542","Flachau","Salzburg"
"5550","Radstadt","Salzburg"
"5552","Forstau","Salzburg"
"5561","Untertauern","Salzburg"
"5562","Obertauern","Salzburg"
"5563","Tweng","Salzburg"
"5570","Mauterndorf","Salzburg"
"5571","Mariapfarr","Salzburg"
"5572","St. Andrä im Lungau","Salzburg"
"5573","Weißpriach","Salzburg"
"5574","Göriach","Salzburg"
"5575","Lessach","Salzburg"
"5580","Tamsweg","Salzburg"
"5581","St. Margarethen im Lungau","Salzburg"
"5582","St. Michael im Lungau","Salzburg"
"5583","Muhr","Salzburg"
"5584","Zederhaus","Salzburg"
"5585","Unternberg","Salzburg"
"5591","Ramingstein","Salzburg"
"5592","Thomatal","Salzburg"
"5600","St. Johann im Pongau","Salzburg"
"5602","Wagrain","Salzburg"
"5603","Kleinarl","Salzburg"
"5611","Großarl","Salzburg"
"5612","Hüttschlag","Salzburg"
"5620","Schwarzach im Pongau","Salzburg"
"5621","St. Veit im Pongau","Salzburg"
"5622","Goldegg","Salzburg"
"5623","Schwarzach im Pongau","Salzburg"
"5630","Bad Hofgastein","Salzburg"
"5632","Dorfgastein","Salzburg"
"5640","Bad Gastein","Salzburg"
"5645","Böckstein","Salzburg"
"5651","Lend","Salzburg"
"5652","Dienten am Hochkönig","Salzburg"
"5660","Taxenbach","Salzburg"
"5661","Rauris","Salzburg"
"5662","Gries","Salzburg"
"5671","Bruck an der Großglocknerstraße","Salzburg"
"5672","Fusch an der Glocknerstraße","Salzburg"
"5700","Zell am See","Salzburg"
"5702","Zell am See-Schüttdorf","Salzburg"
"5710","Kaprun","Salzburg"
"5721","Piesendorf","Salzburg"
"5722","Niedernsill","Salzburg"
"5723","Uttendorf","Salzburg"
"5724","Stuhlfelden","Salzburg"
"5730","Mittersill","Salzburg"
"5731","Hollersbach im Pinzgau","Salzburg"
"5732","Mühlbach","Salzburg"
"5733","Bramberg am Wildkogel","Salzburg"
"5741","Neukirchen am Großvenediger","Salzburg"
"5742","Wald im Pinzgau","Salzburg"
"5743","Krimml","Salzburg"
"5751","Maishofen","Salzburg"
"5752","Viehhofen","Salzburg"
"5753","Saalbach","Salzburg"
"5754","Hinterglemm","Salzburg"
"5760","Saalfelden am Steinernen Meer","Salzburg"
"5761","Maria Alm am Steinernen Meer","Salzburg"
"5771","Leogang","Salzburg"
"6000","Hall in Tirol","Tirol"
"6010","Innsbruck","Tirol"
"6013","Innsbruck","Tirol"
"6018","Innsbruck","Tirol"
"6019","Innsbruck","Tirol"
"6020","Innsbruck","Tirol"
"6021","Innsbruck Postfach","Tirol"
"6022","Innsbruck","Tirol"
"6023","Innsbruck","Tirol"
"6029","Innsbruck","Tirol"
"6033","Innsbruck-Arzl","Tirol"
"6034","Innsbruck","Tirol"
"6050","Hall in Tirol","Tirol"
"6060","Hall in Tirol","Tirol"
"6063","Rum","Tirol"
"6065","Thaur","Tirol"
"6067","Absam","Tirol"
"6068","Mils","Tirol"
"6069","Gnadenwald","Tirol"
"6070","Ampass","Tirol"
"6071","Aldrans","Tirol"
"6072","Lans","Tirol"
"6073","Sistrans","Tirol"
"6074","Rinn","Tirol"
"6075","Tulfes","Tirol"
"6080","Innsbruck-Igls","Tirol"
"6082","Patsch","Tirol"
"6083","Ellbögen","Tirol"
"6091","Götzens","Tirol"
"6092","Birgitz","Tirol"
"6094","Axams","Tirol"
"6095","Grinzens","Tirol"
"6100","Seefeld in Tirol","Tirol"
"6103","Reith bei Seefeld","Tirol"
"6105","Leutasch","Tirol"
"6108","Scharnitz","Tirol"
"6111","Volders","Tirol"
"6112","Wattens","Tirol"
"6113","Wattenberg","Tirol"
"6114","Kolsass","Tirol"
"6115","Kolsassberg","Tirol"
"6116","Weer","Tirol"
"6121","Baumkirchen","Tirol"
"6122","Fritzens","Tirol"
"6123","Terfens","Tirol"
"6130","Schwaz","Tirol"
"6133","Weerberg","Tirol"
"6134","Vomp","Tirol"
"6135","Stans","Tirol"
"6136","Pill","Tirol"
"6141","Schönberg im Stubaital","Tirol"
"6142","Mieders","Tirol"
"6143","Matrei am Brenner","Tirol"
"6145","Navis","Tirol"
"6150","Steinach am Brenner","Tirol"
"6152","Trins","Tirol"
"6154","St. Jodok am Brenner","Tirol"
"6156","Gries am Brenner","Tirol"
"6157","Obernberg am Brenner","Tirol"
"6161","Natters","Tirol"
"6162","Mutters","Tirol"
"6165","Telfes im Stubai","Tirol"
"6166","Fulpmes","Tirol"
"6167","Neustift im Stubaital","Tirol"
"6170","Zirl","Tirol"
"6173","Oberperfuss","Tirol"
"6175","Kematen in Tirol","Tirol"
"6176","Völs","Tirol"
"6177","Völs","Tirol"
"6178","Unterperfuss","Tirol"
"6179","Ranggen","Tirol"
"6181","Sellrain","Tirol"
"6182","Gries im Sellrain","Tirol"
"6183","Kühtai","Tirol"
"6184","St. Sigmund","Tirol"
"6200","Jenbach","Tirol"
"6202","Buch bei Jenbach","Tirol"
"6210","Wiesing","Tirol"
"6212","Maurach","Tirol"
"6213","Pertisau","Tirol"
"6215","Achenkirch","Tirol"
"6220","Buch in Tirol","Tirol"
"6222","Gallzein","Tirol"
"6230","Brixlegg","Tirol"
"6232","Münster","Tirol"
"6233","Kramsach","Tirol"
"6234","Brandenberg","Tirol"
"6235","Reith im Alpbachtal","Tirol"
"6236","Alpbach","Tirol"
"6240","Rattenberg","Tirol"
"6241","Radfeld","Tirol"
"6250","Kundl","Tirol"
"6252","Breitenbach am Inn","Tirol"
"6260","Bruck am Ziller","Tirol"
"6261","Strass im Zillertal","Tirol"
"6262","Schlitters","Tirol"
"6263","Fügen","Tirol"
"6264","Fügenberg","Tirol"
"6265","Hart im Zillertal","Tirol"
"6271","Uderns","Tirol"
"6272","Kaltenbach","Tirol"
"6273","Ried im Zillertal","Tirol"
"6274","Aschau","Tirol"
"6275","Stumm","Tirol"
"6276","Stummerberg","Tirol"
"6277","Zellberg","Tirol"
"6278","Hainzenberg","Tirol"
"6280","Zell am Ziller","Tirol"
"6281","Gerlos","Tirol"
"6283","Hippach","Tirol"
"6284","Ramsau im Zillertal","Tirol"
"6290","Mayrhofen","Tirol"
"6292","Finkenberg","Tirol"
"6293","Tux","Tirol"
"6294","Hintertux","Tirol"
"6295","Ginzling","Tirol"
"6300","Wörgl","Tirol"
"6305","Itter","Tirol"
"6306","Söll","Tirol"
"6311","Wildschönau-Oberau","Tirol"
"6313","Wildschönau-Auffach","Tirol"
"6314","Wildschönau-Niederau","Tirol"
"6320","Angerberg","Tirol"
"6321","Angath","Tirol"
"6322","Kirchbichl","Tirol"
"6323","Bad Häring","Tirol"
"6324","Mariastein","Tirol"
"6330","Kufstein","Tirol"
"6331","Kufstein","Tirol"
"6332","Kufstein","Tirol"
"6333","Kufstein","Tirol"
"6334","Schwoich","Tirol"
"6335","Thiersee","Tirol"
"6336","Langkampfen","Tirol"
"6341","Ebbs","Tirol"
"6342","Niederndorf","Tirol"
"6343","Erl","Tirol"
"6344","Walchsee","Tirol"
"6345","Kössen","Tirol"
"6346","Niederndorferberg","Tirol"
"6347","Rettenschöss","Tirol"
"6351","Scheffau am Wilden Kaiser","Tirol"
"6352","Ellmau","Tirol"
"6353","Going am Wilden Kaiser","Tirol"
"6361","Hopfgarten","Tirol"
"6362","Kelchsau","Tirol"
"6363","Westendorf","Tirol"
"6364","Brixen im Thale","Tirol"
"6365","Kirchberg in Tirol","Tirol"
"6370","Kitzbühel","Tirol"
"6371","Aurach","Tirol"
"6372","Oberndorf in Tirol","Tirol"
"6373","Jochberg","Tirol"
"6380","St. Johann in Tirol","Tirol"
"6382","Kirchdorf in Tirol","Tirol"
"6383","Erpfendorf","Tirol"
"6384","Waidring","Tirol"
"6385","Schwendt","Tirol"
"6391","Fieberbrunn","Tirol"
"6392","St. Jakob in Haus","Tirol"
"6393","St. Ulrich am Pillersee","Tirol"
"6395","Hochfilzen","Tirol"
"6401","Inzing","Tirol"
"6402","Hatting","Tirol"
"6403","Flaurling","Tirol"
"6404","Polling","Tirol"
"6405","Pfaffenhofen","Tirol"
"6406","Oberhofen im Inntal","Tirol"
"6408","Pettnau","Tirol"
"6410","Telfs","Tirol"
"6412","Telfs-St. Georgen","Tirol"
"6413","Wildermieming","Tirol"
"6414","Mieming","Tirol"
"6416","Obsteig","Tirol"
"6421","Rietz","Tirol"
"6422","Stams","Tirol"
"6423","Mötz","Tirol"
"6424","Silz","Tirol"
"6425","Haiming","Tirol"
"6426","Roppen","Tirol"
"6430","Ötztal Bahnhof","Tirol"
"6432","Sautens","Tirol"
"6433","Oetz","Tirol"
"6441","Umhausen","Tirol"
"6444","Längenfeld","Tirol"
"6450","Sölden","Tirol"
"6452","Hochsölden","Tirol"
"6456","Obergurgl","Tirol"
"6458","Vent","Tirol"
"6460","Imst","Tirol"
"6462","Karres","Tirol"
"6463","Karrösten","Tirol"
"6464","Tarrenz","Tirol"
"6465","Nassereith","Tirol"
"6471","Arzl im Pitztal","Tirol"
"6473","Wenns","Tirol"
"6474","Jerzens","Tirol"
"6481","St. Leonhard im Pitztal","Tirol"
"6491","Schönwies","Tirol"
"6492","Imsterberg","Tirol"
"6493","Mils","Tirol"
"6500","Landeck","Tirol"
"6511","Zams","Tirol"
"6521","Fließ","Tirol"
"6522","Prutz","Tirol"
"6524","Feichten im Kaunertal","Tirol"
"6525","Faggen","Tirol"
"6526","Kauns","Tirol"
"6527","Kaunerberg","Tirol"
"6528","Fendels","Tirol"
"6531","Ried im Oberinntal","Tirol"
"6532","Ladis","Tirol"
"6533","Fiss","Tirol"
"6534","Serfaus","Tirol"
"6541","Tösens","Tirol"
"6542","Pfunds","Tirol"
"6543","Nauders","Tirol"
"6544","Spiss","Tirol"
"6551","Pians","Tirol"
"6552","Tobadill","Tirol"
"6553","See","Tirol"
"6555","Kappl","Tirol"
"6561","Ischgl","Tirol"
"6562","Mathon","Tirol"
"6563","Galtür","Tirol"
"6571","Strengen","Tirol"
"6572","Flirsch","Tirol"
"6574","Pettneu am Arlberg","Tirol"
"6580","St. Anton am Arlberg","Tirol"
"6591","Grins","Tirol"
"6600","Reutte","Tirol"
"6604","Höfen","Tirol"
"6610","Wängle","Tirol"
"6611","Heiterwang","Tirol"
"6621","Bichlbach","Tirol"
"6622","Berwang","Tirol"
"6623","Namlos","Tirol"
"6631","Lermoos","Tirol"
"6632","Ehrwald","Tirol"
"6633","Biberwier","Tirol"
"6642","Stanzach","Tirol"
"6644","Elmen","Tirol"
"6645","Vorderhornbach","Tirol"
"6646","Hinterhornbach","Tirol"
"6647","Pfafflar","Tirol"
"6650","Gramais","Tirol"
"6651","Häselgehr","Tirol"
"6652","Elbigenalp","Tirol"
"6653","Bach","Tirol"
"6654","Holzgau","Tirol"
"6655","Steeg","Tirol"
"6670","Forchach","Tirol"
"6671","Weißenbach am Lech","Tirol"
"6672","Nesselwängle","Tirol"
"6673","Grän","Tirol"
"6675","Tannheim","Tirol"
"6677","Schattwald","Tirol"
"6682","Vils","Tirol"
"6691","Jungholz","Tirol"
"6700","Bludenz","Vorarlberg"
"6701","Bludenz Postfach","Vorarlberg"
"6706","Bürs","Vorarlberg"
"6707","Bürserberg","Vorarlberg"
"6708","Brand","Vorarlberg"
"6710","Nenzing","Vorarlberg"
"6712","Thüringen","Vorarlberg"
"6713","Ludesch","Vorarlberg"
"6714","Nüziders","Vorarlberg"
"6719","Bludesch","Vorarlberg"
"6721","Thüringerberg","Vorarlberg"
"6722","St. Gerold","Vorarlberg"
"6723","Blons","Vorarlberg"
"6731","Sonntag","Vorarlberg"
"6733","Fontanella","Vorarlberg"
"6741","Raggal","Vorarlberg"
"6751","Braz","Vorarlberg"
"6752","Dalaas","Vorarlberg"
"6754","Klösterle","Vorarlberg"
"6762","Stuben","Vorarlberg"
"6763","Zürs","Vorarlberg"
"6764","Lech","Vorarlberg"
"6767","Warth","Vorarlberg"
"6771","St. Anton im Montafon","Vorarlberg"
"6773","Vandans","Vorarlberg"
"6774","Tschagguns","Vorarlberg"
"6780","Schruns","Vorarlberg"
"6781","Bartholomäberg","Vorarlberg"
"6782","Silbertal","Vorarlberg"
"6787","Gargellen","Vorarlberg"
"6791","St. Gallenkirch","Vorarlberg"
"6793","Gaschurn","Vorarlberg"
"6794","Partenen","Vorarlberg"
"6800","Feldkirch","Vorarlberg"
"6801","Feldkirch Postfach","Vorarlberg"
"6805","Feldkirch-Gisingen","Vorarlberg"
"6807","Feldkirch-Tisis","Vorarlberg"
"6808","Feldkirch-Nofels","Vorarlberg"
"6811","Göfis","Vorarlberg"
"6812","Meiningen","Vorarlberg"
"6820","Frastanz","Vorarlberg"
"6822","Satteins","Vorarlberg"
"6824","Schlins","Vorarlberg"
"6830","Rankweil","Vorarlberg"
"6832","Sulz-Röthis","Vorarlberg"
"6833","Klaus-Weiler","Vorarlberg"
"6834","Übersaxen","Vorarlberg"
"6835","Zwischenwasser","Vorarlberg"
"6836","Viktorsberg","Vorarlberg"
"6837","Weiler","Vorarlberg"
"6840","Götzis","Vorarlberg"
"6841","Mäder","Vorarlberg"
"6842","Koblach","Vorarlberg"
"6844","Altach","Vorarlberg"
"6845","Hohenems","Vorarlberg"
"6850","Dornbirn","Vorarlberg"
"6851","Dornbirn Postfach","Vorarlberg"
"6854","Dornbirn-Messepark","Vorarlberg"
"6855","Dornbirn","Vorarlberg"
"6857","Dornbirn-Haselstauden","Vorarlberg"
"6858","Schwarzach","Vorarlberg"
"6861","Alberschwende","Vorarlberg"
"6863","Egg","Vorarlberg"
"6866","Andelsbuch","Vorarlberg"
"6867","Schwarzenberg","Vorarlberg"
"6870","Bezau","Vorarlberg"
"6874","Bizau","Vorarlberg"
"6881","Mellau","Vorarlberg"
"6882","Schnepfau","Vorarlberg"
"6883","Au","Vorarlberg"
"6884","Damüls","Vorarlberg"
"6886","Schoppernau","Vorarlberg"
"6888","Schröcken","Vorarlberg"
"6890","Lustenau","Vorarlberg"
"6893","Lustenau-Rheindorf","Vorarlberg"
"6900","Bregenz","Vorarlberg"
"6901","Bregenz Postfach","Vorarlberg"
"6904","Bregenz-Schendlingen","Vorarlberg"
"6905","Bregenz-Achsiedlung","Vorarlberg"
"6911","Lochau","Vorarlberg"
"6912","Hörbranz","Vorarlberg"
"6914","Hohenweiler","Vorarlberg"
"6921","Kennelbach","Vorarlberg"
"6922","Wolfurt","Vorarlberg"
"6923","Lauterach","Vorarlberg"
"6932","Langen bei Bregenz","Vorarlberg"
"6933","Doren","Vorarlberg"
"6934","Sulzberg","Vorarlberg"
"6941","Langenegg","Vorarlberg"
"6942","Krumbach","Vorarlberg"
"6943","Riefensberg","Vorarlberg"
"6951","Lingenau","Vorarlberg"
"6952","Hittisau","Vorarlberg"
"6953","Sibratsgfäll","Vorarlberg"
"6960","Wolfurt-Bahnhof","Vorarlberg"
"6961","Wolfurt-Bahnhof Postfach","Vorarlberg"
"6971","Hard","Vorarlberg"
"6972","Fußach","Vorarlberg"
"6973","Höchst","Vorarlberg"
"6974","Gaißau","Vorarlberg"
"6991","Riezlern","Vorarlberg"
"6992","Hirschegg","Vorarlberg"
"6993","Mittelberg","Vorarlberg"
"7000","Eisenstadt","Burgenland"
"7001","Eisenstadt Postfach","Burgenland"
"7002","Eisenstadt","Burgenland"
"7011","Siegendorf","Burgenland"
"7012","Zagersdorf","Burgenland"
"7013","Klingenbach","Burgenland"
"7020","Loipersbach im Burgenland","Burgenland"
"7021","Draßburg","Burgenland"
"7022","Schattendorf","Burgenland"
"7023","Zemendorf","Burgenland"
"7024","Hirm","Burgenland"
"7031","Krensdorf","Burgenland"
"7032","Sigleß","Burgenland"
"7033","Pöttsching","Burgenland"
"7034","Zillingtal","Burgenland"
"7035","Steinbrunn","Burgenland"
"7041","Wulkaprodersdorf","Burgenland"
"7042","Antau","Burgenland"
"7051","Großhöflein","Burgenland"
"7052","Müllendorf","Burgenland"
"7053","Hornstein","Burgenland"
"7061","Trausdorf an der Wulka","Burgenland"
"7062","St. Margarethen im Burgenland","Burgenland"
"7063","Oggau","Burgenland"
"7064","Oslip","Burgenland"
"7071","Rust","Burgenland"
"7072","Mörbisch am See","Burgenland"
"7073","Rust"," Burgenland","Burgenland"
"7081","Schützen am Gebirge","Burgenland"
"7082","Donnerskirchen","Burgenland"
"7083","Purbach am Neusiedler See","Burgenland"
"7091","Breitenbrunn am Neusiedler See","Burgenland"
"7092","Winden am See","Burgenland"
"7093","Jois","Burgenland"
"7100","Neusiedl am See","Burgenland"
"7111","Parndorf","Burgenland"
"7121","Weiden am See","Burgenland"
"7122","Gols","Burgenland"
"7123","Mönchhof","Burgenland"
"7131","Halbturn","Burgenland"
"7132","Frauenkirchen","Burgenland"
"7141","Podersdorf am See","Burgenland"
"7142","Illmitz","Burgenland"
"7143","Apetlon","Burgenland"
"7151","Wallern im Burgenland","Burgenland"
"7152","Pamhagen","Burgenland"
"7161","St. Andrä am Zicksee","Burgenland"
"7162","Tadten","Burgenland"
"7163","Andau","Burgenland"
"7201","Neudörfl","Burgenland"
"7202","Bad Sauerbrunn","Burgenland"
"7203","Wiesen","Burgenland"
"7210","Mattersburg","Burgenland"
"7212","Forchtenstein","Burgenland"
"7221","Marz","Burgenland"
"7222","Rohrbach bei Mattersburg","Burgenland"
"7223","Sieggraben","Burgenland"
"7301","Deutschkreutz","Burgenland"
"7302","Nikitsch","Burgenland"
"7304","Großwarasdorf","Burgenland"
"7311","Neckenmarkt","Burgenland"
"7312","Horitschon","Burgenland"
"7321","Lackendorf","Burgenland"
"7322","Lackenbach","Burgenland"
"7323","Ritzing","Burgenland"
"7331","Weppersdorf","Burgenland"
"7332","Kobersdorf","Burgenland"
"7341","Markt St. Martin","Burgenland"
"7342","Kaisersdorf","Burgenland"
"7343","Neutal","Burgenland"
"7344","Stoob","Burgenland"
"7350","Oberpullendorf","Burgenland"
"7361","Lutzmannsburg","Burgenland"
"7371","Unterrabnitz","Burgenland"
"7372","Draßmarkt","Burgenland"
"7373","Piringsdorf","Burgenland"
"7374","Weingraben","Burgenland"
"7400","Oberwart","Burgenland"
"7410","Loipersdorf-Kitzladen","Burgenland"
"7411","Markt Allhau","Burgenland"
"7412","Wolfau","Burgenland"
"7413","Buchschachen","Burgenland"
"7421","Tauchen-Schaueregg","Steiermark"
"7422","Riedlingsdorf","Burgenland"
"7423","Pinkafeld","Burgenland"
"7424","Grafenschachen","Burgenland"
"7425","Wiesfleck","Burgenland"
"7431","Bad Tatzmannsdorf","Burgenland"
"7432","Oberschützen","Burgenland"
"7433","Mariasdorf","Burgenland"
"7434","Bernstein","Burgenland"
"7435","Unterkohlstätten","Burgenland"
"7441","Pilgersdorf","Burgenland"
"7442","Lockenhaus","Burgenland"
"7443","Rattersdorf-Liebing","Burgenland"
"7444","Mannersdorf an der Rabnitz","Burgenland"
"7451","Oberloisdorf","Burgenland"
"7452","Unterpullendorf","Burgenland"
"7453","Steinberg-Dörfl","Burgenland"
"7461","Stadtschlaining","Burgenland"
"7463","Weiden bei Rechnitz","Burgenland"
"7464","Markt Neuhodis","Burgenland"
"7471","Rechnitz","Burgenland"
"7472","Schachendorf","Burgenland"
"7473","Hannersdorf","Burgenland"
"7474","Deutsch Schützen","Burgenland"
"7501","Rotenturm an der Pinka","Burgenland"
"7502","Unterwart","Burgenland"
"7503","Großpetersdorf","Burgenland"
"7504","Jabing","Burgenland"
"7511","Mischendorf","Burgenland"
"7512","Kohfidisch","Burgenland"
"7521","Eberau","Burgenland"
"7522","Strem","Burgenland"
"7531","Kemeten","Burgenland"
"7532","Litzelsdorf","Burgenland"
"7533","Ollersdorf im Burgenland","Burgenland"
"7534","Olbendorf","Burgenland"
"7535","St. Michael im Burgenland","Burgenland"
"7536","Güttenbach","Burgenland"
"7537","Neuberg im Burgenland","Burgenland"
"7540","Güssing","Burgenland"
"7542","Gerersdorf bei Güssing","Burgenland"
"7543","Kukmirn","Burgenland"
"7544","Tobaj","Burgenland"
"7551","Stegersbach","Burgenland"
"7552","Stinatz","Burgenland"
"7561","Heiligenkreuz im Lafnitztal","Burgenland"
"7562","Eltendorf","Burgenland"
"7563","Königsdorf","Burgenland"
"7564","Dobersdorf","Burgenland"
"7571","Rudersdorf","Burgenland"
"7572","Deutsch Kaltenbrunn","Burgenland"
"7574","Burgauberg-Neudauberg","Burgenland"
"8000","Graz","Steiermark"
"8006","Graz","Steiermark"
"8007","Graz","Steiermark"
"8008","Graz","Steiermark"
"8010","Graz","Steiermark"
"8011","Graz Postfach","Steiermark"
"8012","Graz","Steiermark"
"8014","Hönigtal","Steiermark"
"8015","Graz","Steiermark"
"8016","Graz","Steiermark"
"8017","Graz","Steiermark"
"8019","Graz","Steiermark"
"8020","Graz","Steiermark"
"8021","Graz Postfach","Steiermark"
"8024","Graz","Steiermark"
"8025","Graz","Steiermark"
"8026","Graz","Steiermark"
"8035","Graz","Steiermark"
"8036","Graz","Steiermark"
"8040","Graz-Liebenau","Steiermark"
"8041","Graz-Liebenau","Steiermark"
"8042","Graz-St. Peter","Steiermark"
"8043","Graz-Kroisbach","Steiermark"
"8044","Graz-Mariatrost","Steiermark"
"8045","Graz-Andritz","Steiermark"
"8046","Graz-St. Veit","Steiermark"
"8047","Graz-Ragnitz","Steiermark"
"8049","Graz","Steiermark"
"8051","Graz-Gösting","Steiermark"
"8052","Graz-Wetzelsdorf","Steiermark"
"8053","Graz-Neuhart","Steiermark"
"8054","Graz-Straßgang","Steiermark"
"8055","Graz-Puntigam","Steiermark"
"8056","Graz","Steiermark"
"8057","Graz-Straßgang","Steiermark"
"8061","St. Radegund bei Graz","Steiermark"
"8062","Kumberg","Steiermark"
"8063","Eggersdorf bei Graz","Steiermark"
"8071","Hausmannstätten","Steiermark"
"8072","Fernitz","Steiermark"
"8073","Feldkirchen bei Graz","Steiermark"
"8074","Raaba","Steiermark"
"8075","Hart bei Graz","Steiermark"
"8076","Vasoldsberg","Steiermark"
"8077","Gössendorf","Steiermark"
"8081","Heiligenkreuz am Waasen","Steiermark"
"8082","Kirchbach in Steiermark","Steiermark"
"8083","St. Stefan im Rosental","Steiermark"
"8091","Jagerberg","Steiermark"
"8092","Mettersdorf am Saßbach","Steiermark"
"8093","St. Peter am Ottersbach","Steiermark"
"8101","Gratkorn","Steiermark"
"8102","Semriach","Steiermark"
"8103","Rein","Steiermark"
"8111","Judendorf-Straßengel","Steiermark"
"8112","Gratwein","Steiermark"
"8113","St. Oswald bei Plankenwarth","Steiermark"
"8114","Stübing","Steiermark"
"8120","Peggau","Steiermark"
"8121","Deutschfeistritz","Steiermark"
"8122","Waldstein","Steiermark"
"8124","Übelbach","Steiermark"
"8130","Frohnleiten","Steiermark"
"8131","Mixnitz","Steiermark"
"8132","Pernegg an der Mur","Steiermark"
"8141","Unterpremstätten","Steiermark"
"8142","Wundschuh","Steiermark"
"8143","Dobl","Steiermark"
"8144","Tobelbad","Steiermark"
"8151","Hitzendorf","Steiermark"
"8152","Stallhofen","Steiermark"
"8153","Geistthal","Steiermark"
"8160","Weiz","Steiermark"
"8162","Passail","Steiermark"
"8163","Fladnitz an der Teichalm","Steiermark"
"8171","St. Kathrein am Offenegg","Steiermark"
"8172","Heilbrunn","Steiermark"
"8181","St. Ruprecht an der Raab","Steiermark"
"8182","Puch bei Weiz","Steiermark"
"8183","Floing","Steiermark"
"8184","Anger","Steiermark"
"8190","Birkfeld","Steiermark"
"8191","Koglhof","Steiermark"
"8192","Strallegg","Steiermark"
"8193","Dorfviertel","Steiermark"
"8194","Waisenegg","Steiermark"
"8200","Gleisdorf","Steiermark"
"8201","Gleisdorf","Steiermark"
"8211","Ilztal","Steiermark"
"8212","Pischelsdorf am Kulm","Steiermark"
"8221","Hirnsdorf","Steiermark"
"8222","St. Johann bei Herberstein","Steiermark"
"8223","Stubenberg am See","Steiermark"
"8224","Kaindorf bei Hartberg","Steiermark"
"8225","Pöllau bei Hartberg","Steiermark"
"8226","Obersaifen","Steiermark"
"8230","Hartberg","Steiermark"
"8232","Grafendorf bei Hartberg","Steiermark"
"8233","Lafnitz","Steiermark"
"8234","Rohrbach an der Lafnitz","Steiermark"
"8240","Friedberg","Steiermark"
"8241","Dechantskirchen","Steiermark"
"8242","St. Lorenzen am Wechsel","Steiermark"
"8243","Pinggau","Steiermark"
"8244","Schäffern","Steiermark"
"8250","Vorau","Steiermark"
"8251","Bruck an der Lafnitz","Steiermark"
"8252","Mönichwald","Steiermark"
"8253","Waldbach","Steiermark"
"8254","Wenigzell","Steiermark"
"8255","St. Jakob","Steiermark"
"8261","Sinabelkirchen","Steiermark"
"8262","Ilz","Steiermark"
"8263","Großwilfersdorf","Steiermark"
"8264","Hainersdorf","Steiermark"
"8265","Großsteinbach","Steiermark"
"8271","Bad Waltersdorf","Steiermark"
"8272","Sebersdorf","Steiermark"
"8273","Ebersdorf","Steiermark"
"8274","Buch","Steiermark"
"8280","Fürstenfeld","Steiermark"
"8282","Bad Loipersdorf","Steiermark"
"8283","Bad Blumau","Steiermark"
"8291","Burgau","Steiermark"
"8292","Neudau","Steiermark"
"8293","Wörth an der Lafnitz","Steiermark"
"8294","Unterrohr","Steiermark"
"8295","St. Johann in der Haide","Steiermark"
"8301","Laßnitzhöhe","Steiermark"
"8302","Nestelbach bei Graz","Steiermark"
"8311","Markt Hartmannsdorf","Steiermark"
"8312","Ottendorf an der Rittschein","Steiermark"
"8313","Breitenfeld an der Rittschein","Steiermark"
"8321","St. Margarethen an der Raab","Steiermark"
"8322","Studenzen","Steiermark"
"8323","St. Marein bei Graz","Steiermark"
"8324","Kirchberg an der Raab","Steiermark"
"8330","Feldbach","Steiermark"
"8331","Gossendorf","Steiermark"
"8332","Edelsbach bei Feldbach","Steiermark"
"8333","Riegersburg","Steiermark"
"8334","Lödersdorf","Steiermark"
"8335","Gniebing","Steiermark"
"8341","Paldau","Steiermark"
"8342","Gnas","Steiermark"
"8343","Trautmannsdorf in Oststeiermark","Steiermark"
"8344","Bad Gleichenberg","Steiermark"
"8345","Straden","Steiermark"
"8350","Fehring","Steiermark"
"8352","Unterlamm","Steiermark"
"8353","Kapfenstein","Steiermark"
"8354","St. Anna am Aigen","Steiermark"
"8355","Tieschen","Steiermark"
"8361","Hatzendorf","Steiermark"
"8362","Söchau","Steiermark"
"8363","Übersbach","Steiermark"
"8380","Jennersdorf","Burgenland"
"8382","Mogersdorf","Burgenland"
"8383","St. Martin an der Raab","Burgenland"
"8384","Minihof-Liebau","Burgenland"
"8385","Neuhaus am Klausenbach","Burgenland"
"8401","Kalsdorf bei Graz","Steiermark"
"8402","Werndorf","Steiermark"
"8403","Lebring","Steiermark"
"8404","Kalsdorf bei Graz","Steiermark"
"8410","Wildon","Steiermark"
"8411","Hengsberg","Steiermark"
"8412","Allerheiligen bei Wildon","Steiermark"
"8413","St. Georgen an der Stiefing","Steiermark"
"8421","Wolfsberg im Schwarzautal","Steiermark"
"8422","St. Nikolai ob Draßling","Steiermark"
"8423","St. Veit am Vogau","Steiermark"
"8424","Gabersdorf","Steiermark"
"8430","Leibnitz","Steiermark"
"8431","Gralla","Steiermark"
"8432","Kaindorf an der Sulm","Steiermark"
"8434","Tillmitsch","Steiermark"
"8435","Wagna","Steiermark"
"8441","Fresing","Steiermark"
"8442","Kitzeck im Sausal","Steiermark"
"8443","Gleinstätten","Steiermark"
"8444","St. Andrä im Sausal","Steiermark"
"8451","Heimschuh","Steiermark"
"8452","Großklein","Steiermark"
"8453","St. Johann im Saggautal","Steiermark"
"8454","Arnfels","Steiermark"
"8455","Oberhaag","Steiermark"
"8461","Ehrenhausen","Steiermark"
"8462","Gamlitz","Steiermark"
"8463","Leutschach","Steiermark"
"8471","Spielfeld","Steiermark"
"8472","Straß in Steiermark","Steiermark"
"8473","Weitersfeld an der Mur","Steiermark"
"8480","Mureck","Steiermark"
"8481","Weinburg am Saßbach","Steiermark"
"8482","Gosdorf","Steiermark"
"8483","Deutsch Goritz","Steiermark"
"8484","Unterpurkla","Steiermark"
"8490","Bad Radkersburg","Steiermark"
"8492","Halbenrain","Steiermark"
"8493","Klöch","Steiermark"
"8501","Lieboch","Steiermark"
"8502","Lannach","Steiermark"
"8503","St. Josef Weststeiermark","Steiermark"
"8504","Preding","Steiermark"
"8505","St. Nikolai im Sausal","Steiermark"
"8506","Mettersdorf","Steiermark"
"8510","Stainz","Steiermark"
"8511","St. Stefan ob Stainz","Steiermark"
"8521","Wettmannstätten","Steiermark"
"8522","Groß St. Florian","Steiermark"
"8523","Frauental an der Laßnitz","Steiermark"
"8524","Bad Gams","Steiermark"
"8530","Deutschlandsberg","Steiermark"
"8541","Schwanberg","Steiermark"
"8542","St. Peter im Sulmtal","Steiermark"
"8543","St. Martin im Sulmtal","Steiermark"
"8544","Pölfing-Brunn","Steiermark"
"8551","Wies","Steiermark"
"8552","Eibiswald","Steiermark"
"8553","St. Oswald ob Eibiswald","Steiermark"
"8554","Soboth","Steiermark"
"8555","Wernersdorf","Steiermark"
"8561","Söding","Steiermark"
"8562","Mooskirchen","Steiermark"
"8563","Ligist","Steiermark"
"8564","Krottendorf-Gaisfeld","Steiermark"
"8565","St. Johann ob Hohenburg","Steiermark"
"8570","Voitsberg","Steiermark"
"8571","Bärnbach","Steiermark"
"8572","Bärnbach","Steiermark"
"8573","Kainach bei Voitsberg","Steiermark"
"8580","Köflach","Steiermark"
"8582","Rosental an der Kainach","Steiermark"
"8583","Edelschrott","Steiermark"
"8584","Hirschegg","Steiermark"
"8591","Maria Lankowitz","Steiermark"
"8592","Salla","Steiermark"
"8593","Graden","Steiermark"
"8600","Bruck an der Mur","Steiermark"
"8605","Kapfenberg","Steiermark"
"8606","Kapfenberg","Steiermark"
"8607","Kapfenberg","Steiermark"
"8611","St. Katharein an der Laming","Steiermark"
"8612","Tragöß-Oberort","Steiermark"
"8614","Breitenau","Steiermark"
"8616","Gasen","Steiermark"
"8621","Thörl","Steiermark"
"8622","Etmißl","Steiermark"
"8623","Aflenz Kurort","Steiermark"
"8624","Au","Steiermark"
"8625","Turnau","Steiermark"
"8630","Mariazell","Steiermark"
"8632","Gußwerk","Steiermark"
"8634","Wegscheid","Steiermark"
"8635","Gollrad","Steiermark"
"8636","Seewiesen","Steiermark"
"8641","St. Marein im Mürztal","Steiermark"
"8642","St. Lorenzen im Mürztal","Steiermark"
"8643","Allerheiligen im Mürztal","Steiermark"
"8644","Mürzhofen","Steiermark"
"8650","Kindberg","Steiermark"
"8652","Kindberg-Aumühl","Steiermark"
"8653","Stanz im Mürztal","Steiermark"
"8654","Fischbach","Steiermark"
"8661","Wartberg im Mürztal","Steiermark"
"8662","Mitterdorf im Mürztal","Steiermark"
"8663","Dorf Veitsch","Steiermark"
"8664","Großveitsch","Steiermark"
"8665","Langenwang","Steiermark"
"8670","Krieglach","Steiermark"
"8671","Alpl","Steiermark"
"8672","St. Kathrein am Hauenstein","Steiermark"
"8673","Ratten","Steiermark"
"8674","Rettenegg","Steiermark"
"8680","Mürzzuschlag","Steiermark"
"8682","Mürzzuschlag-Hönigsberg","Steiermark"
"8684","Spital am Semmering","Steiermark"
"8685","Steinhaus am Semmering","Steiermark"
"8691","Kapellen","Steiermark"
"8692","Neuberg an der Mürz","Steiermark"
"8693","Mürzsteg","Steiermark"
"8694","Frein an der Mürz","Steiermark"
"8700","Leoben","Steiermark"
"8703","Hinterberg","Steiermark"
"8704","Leoben","Steiermark"
"8707","Leoben","Steiermark"
"8709","Leoben-Lerchenfeld","Steiermark"
"8712","Niklasdorf","Steiermark"
"8713","St. Stefan ob Leoben","Steiermark"
"8714","Kraubath an der Mur","Steiermark"
"8715","St. Lorenzen bei Knittelfeld","Steiermark"
"8720","Knittelfeld","Steiermark"
"8722","Knittelfeld","Steiermark"
"8723","Kobenz","Steiermark"
"8724","Spielberg","Steiermark"
"8731","Bischoffeld","Steiermark"
"8732","Seckau","Steiermark"
"8733","St. Marein bei Knittelfeld","Steiermark"
"8734","Großlobming","Steiermark"
"8740","Zeltweg","Steiermark"
"8741","Weißkirchen in Steiermark","Steiermark"
"8742","Obdach","Steiermark"
"8743","Eppenstein","Steiermark"
"8750","Judenburg","Steiermark"
"8751","Judenburg - Murdorf","Steiermark"
"8753","Fohnsdorf","Steiermark"
"8754","Thalheim","Steiermark"
"8755","St. Peter ob Judenburg","Steiermark"
"8756","St. Georgen ob Judenburg","Steiermark"
"8761","Pöls","Steiermark"
"8762","Oberzeiring","Steiermark"
"8763","Möderbrugg","Steiermark"
"8764","Pusterwald","Steiermark"
"8765","St. Johann am Tauern","Steiermark"
"8766","Bretstein","Steiermark"
"8770","St. Michael in Obersteiermark","Steiermark"
"8772","Timmersdorf","Steiermark"
"8773","Kammern im Liesingtal","Steiermark"
"8774","Mautern in Steiermark","Steiermark"
"8775","Kalwang","Steiermark"
"8781","Wald am Schoberpaß","Steiermark"
"8782","Treglwang","Steiermark"
"8783","Gaishorn am See","Steiermark"
"8784","Trieben","Steiermark"
"8785","Hohentauern","Steiermark"
"8786","Rottenmann","Steiermark"
"8790","Eisenerz","Steiermark"
"8792","St. Peter-Freienstein","Steiermark"
"8793","Trofaiach","Steiermark"
"8794","Vordernberg","Steiermark"
"8795","Radmer","Steiermark"
"8800","Unzmarkt","Steiermark"
"8811","Scheifling","Steiermark"
"8812","Mariahof","Steiermark"
"8813","St. Lambrecht","Steiermark"
"8820","Neumarkt in Steiermark","Steiermark"
"8822","Mühlen","Steiermark"
"8831","Niederwölz","Steiermark"
"8832","Oberwölz","Steiermark"
"8833","Teufenbach","Steiermark"
"8841","Frojach","Steiermark"
"8842","Katsch an der Mur","Steiermark"
"8843","St. Peter am Kammersberg","Steiermark"
"8844","Schöder","Steiermark"
"8850","Murau","Steiermark"
"8852","Stolzalpe","Steiermark"
"8853","Ranten","Steiermark"
"8854","Krakaudorf","Steiermark"
"8861","St. Georgen ob Murau","Steiermark"
"8862","Stadl an der Mur","Steiermark"
"8863","Predlitz","Steiermark"
"8864","Turrach","Steiermark"
"8900","Selzthal","Steiermark"
"8903","Lassing","Steiermark"
"8904","Ardning","Steiermark"
"8911","Admont","Steiermark"
"8912","Johnsbach","Steiermark"
"8913","Weng","Steiermark"
"8920","Hieflau","Steiermark"
"8921","Lainbach","Steiermark"
"8922","Gams bei Hieflau","Steiermark"
"8923","Palfau","Steiermark"
"8924","Wildalpen","Steiermark"
"8931","Landl","Steiermark"
"8932","Weißenbach an der Enns","Steiermark"
"8933","St. Gallen","Steiermark"
"8934","Altenmarkt bei St. Gallen","Steiermark"
"8940","Liezen","Steiermark"
"8941","Weißenbach bei Liezen","Steiermark"
"8942","Wörschach","Steiermark"
"8943","Aigen im Ennstal","Steiermark"
"8950","Stainach","Steiermark"
"8951","Trautenfels","Steiermark"
"8952","Irdning","Steiermark"
"8953","Donnersbach","Steiermark"
"8954","St. Martin am Grimming","Steiermark"
"8960","Öblarn","Steiermark"
"8961","Stein an der Enns","Steiermark"
"8962","Gröbming","Steiermark"
"8963","Sankt Nikolai im Sölktal","Steiermark"
"8965","Pruggern","Steiermark"
"8966","Aich-Assach","Steiermark"
"8967","Haus","Steiermark"
"8970","Schladming","Steiermark"
"8971","Rohrmoos-Untertal","Steiermark"
"8972","Ramsau","Steiermark"
"8973","Pichl","Steiermark"
"8974","Mandling","Steiermark"
"8982","Tauplitz","Steiermark"
"8983","Bad Mitterndorf","Steiermark"
"8984","Kainisch","Steiermark"
"8990","Bad Aussee","Steiermark"
"8992","Altaussee","Steiermark"
"8993","Grundlsee","Steiermark"
"9000","Villach","Kärnten"
"9010","Klagenfurt am Wörthersee","Kärnten"
"9020","Klagenfurt am Wörthersee","Kärnten"
"9021","Klagenfurt am Wörthersee Postfach","Kärnten"
"9024","Klagenfurt am Wörthersee","Kärnten"
"9025","Klagenfurt am Wörthersee","Kärnten"
"9026","Klagenfurt am Wörthersee","Kärnten"
"9027","Klagenfurt am Wörthersee","Kärnten"
"9028","Klagenfurt am Wörthersee","Kärnten"
"9033","Klagenfurt","Kärnten"
"9034","Klagenfurt","Kärnten"
"9035","Klagenfurt","Kärnten"
"9061","Klagenfurt-Wölfnitz","Kärnten"
"9062","Moosburg","Kärnten"
"9063","Maria Saal","Kärnten"
"9064","Pischeldorf","Kärnten"
"9065","Ebenthal","Kärnten"
"9071","Köttmannsdorf","Kärnten"
"9072","Ludmannsdorf","Kärnten"
"9073","Klagenfurt-Viktring","Kärnten"
"9074","Keutschach","Kärnten"
"9081","Reifnitz","Kärnten"
"9082","Maria Wörth","Kärnten"
"9100","Völkermarkt","Kärnten"
"9102","Mittertrixen","Kärnten"
"9103","Diex","Kärnten"
"9104","Pustritz","Kärnten"
"9111","Haimburg","Kärnten"
"9112","Griffen","Kärnten"
"9113","Ruden","Kärnten"
"9121","Tainach","Kärnten"
"9122","St. Kanzian am Klopeiner See","Kärnten"
"9123","St. Primus","Kärnten"
"9125","Kühnsdorf","Kärnten"
"9130","Poggersdorf","Kärnten"
"9131","Grafenstein","Kärnten"
"9132","Gallizien","Kärnten"
"9133","Sittersdorf","Kärnten"
"9135","Bad Eisenkappel","Kärnten"
"9141","Eberndorf","Kärnten"
"9142","Globasnitz","Kärnten"
"9143","St. Michael ob Bleiburg","Kärnten"
"9150","Bleiburg","Kärnten"
"9155","Neuhaus","Kärnten"
"9161","Maria Rain","Kärnten"
"9162","Strau","Kärnten"
"9163","Unterbergen","Kärnten"
"9170","Ferlach","Kärnten"
"9171","Ferlach","Kärnten"
"9172","Zell-Pfarre","Kärnten"
"9173","St. Margareten im Rosental","Kärnten"
"9181","Feistritz im Rosental","Kärnten"
"9182","Maria Elend","Kärnten"
"9183","Rosenbach","Kärnten"
"9184","St. Jakob im Rosental","Kärnten"
"9201","Krumpendorf","Kärnten"
"9210","Pörtschach am Wörther See","Kärnten"
"9212","Techelsberg am Wörther See","Kärnten"
"9220","Velden am Wörther See","Kärnten"
"9231","Köstenberg","Kärnten"
"9232","Rosegg","Kärnten"
"9241","Wernberg","Kärnten"
"9300","St. Veit an der Glan","Kärnten"
"9302","St. Veit an der Glan","Kärnten"
"9311","Kraig","Kärnten"
"9312","Meiselding","Kärnten"
"9313","St. Georgen am Längsee","Kärnten"
"9314","Launsdorf","Kärnten"
"9321","Kappel am Krappfeld","Kärnten"
"9322","Micheldorf","Kärnten"
"9323","Wildbad Einöd","Steiermark"
"9324","Passering","Kärnten"
"9330","Treibach-Althofen","Kärnten"
"9334","Guttaring","Kärnten"
"9335","Lölling","Kärnten"
"9341","Straßburg","Kärnten"
"9342","Gurk","Kärnten"
"9343","Zweinitz","Kärnten"
"9344","Weitensfeld","Kärnten"
"9345","Kleinglödnitz","Kärnten"
"9346","Glödnitz","Kärnten"
"9360","Friesach","Kärnten"
"9361","St. Salvator","Kärnten"
"9362","Grades","Kärnten"
"9363","Metnitz","Kärnten"
"9371","Brückl","Kärnten"
"9372","Eberstein","Kärnten"
"9373","Klein St. Paul","Kärnten"
"9374","Wieting","Kärnten"
"9375","Hüttenberg","Kärnten"
"9376","Knappenberg","Kärnten"
"9400","Wolfsberg","Kärnten"
"9402","Wolfsberg"," Kärnten","Kärnten"
"9411","St. Michael","Kärnten"
"9412","St. Margarethen im Lavanttal","Kärnten"
"9413","St. Gertraud","Kärnten"
"9421","Eitweg","Kärnten"
"9422","Maria Rojach","Kärnten"
"9423","St. Georgen","Kärnten"
"9431","St. Stefan","Kärnten"
"9433","St. Andrä","Kärnten"
"9441","Twimberg","Kärnten"
"9451","Preitenegg","Kärnten"
"9461","Prebl","Kärnten"
"9462","Bad St. Leonhard im Lavanttal","Kärnten"
"9463","Reichenfels","Kärnten"
"9470","St. Paul im Lavanttal","Kärnten"
"9472","Ettendorf","Kärnten"
"9473","Lavamünd","Kärnten"
"9500","Villach","Kärnten"
"9501","Villach","Kärnten"
"9502","Villach","Kärnten"
"9503","Villach","Kärnten"
"9504","Villach-Warmbad Villach","Kärnten"
"9507","Villach","Kärnten"
"9509","Zauchen","Kärnten"
"9510","Villach","Kärnten"
"9520","Sattendorf","Kärnten"
"9521","Treffen","Kärnten"
"9523","Villach-Landskron","Kärnten"
"9524","Villach-St. Magdalen","Kärnten"
"9530","Bad Bleiberg","Kärnten"
"9531","Kreuth","Kärnten"
"9535","Schiefling am Wörthersee","Kärnten"
"9536","St. Egyden","Kärnten"
"9541","Einöde","Kärnten"
"9542","Afritz","Kärnten"
"9543","Arriach","Kärnten"
"9544","Feld am See","Kärnten"
"9545","Radenthein","Kärnten"
"9546","Bad Kleinkirchheim","Kärnten"
"9551","Bodensdorf","Kärnten"
"9552","Steindorf am Ossiacher See","Kärnten"
"9554","St. Urban","Kärnten"
"9555","Glanegg","Kärnten"
"9556","Liebenfels","Kärnten"
"9560","Feldkirchen in Kärnten","Kärnten"
"9562","Himmelberg","Kärnten"
"9563","Gnesau","Kärnten"
"9564","Patergassen","Kärnten"
"9565","Ebene Reichenau","Kärnten"
"9570","Ossiach","Kärnten"
"9571","Sirnitz","Kärnten"
"9572","Deutsch Griffen","Kärnten"
"9580","Villach-Drobollach am Faaker See","Kärnten"
"9581","Ledenitzen","Kärnten"
"9582","Latschach","Kärnten"
"9583","Faak am See","Kärnten"
"9584","Finkenstein","Kärnten"
"9585","Gödersdorf","Kärnten"
"9586","Fürnitz","Kärnten"
"9587","Riegersdorf","Kärnten"
"9601","Arnoldstein","Kärnten"
"9602","Thörl-Maglern","Kärnten"
"9611","Nötsch","Kärnten"
"9612","St. Georgen im Gailtal","Kärnten"
"9613","Feistritz an der Gail","Kärnten"
"9614","Vorderberg","Kärnten"
"9615","Görtschach","Kärnten"
"9620","Hermagor","Kärnten"
"9622","Weißbriach","Kärnten"
"9623","St. Stefan an der Gail","Kärnten"
"9624","Egg","Kärnten"
"9631","Jenig","Kärnten"
"9632","Kirchbach","Kärnten"
"9633","Reisach","Kärnten"
"9634","Gundersheim","Kärnten"
"9635","Dellach","Kärnten"
"9640","Kötschach-Mauthen","Kärnten"
"9642","Laas","Kärnten"
"9651","St. Jakob im Lesachtal","Kärnten"
"9652","Birnbaum","Kärnten"
"9653","Liesing","Kärnten"
"9654","St. Lorenzen im Lesachtal","Kärnten"
"9655","Maria Luggau","Kärnten"
"9701","Rothenthurn","Kärnten"
"9702","Ferndorf","Kärnten"
"9710","Feistritz an der Drau","Kärnten"
"9711","Paternion","Kärnten"
"9712","Fresach","Kärnten"
"9713","Zlan","Kärnten"
"9714","Stockenboi","Kärnten"
"9721","Weißenstein","Kärnten"
"9722","Gummern","Kärnten"
"9751","Sachsenburg","Kärnten"
"9753","Lind im Drautal","Kärnten"
"9754","Steinfeld","Kärnten"
"9761","Greifenburg","Kärnten"
"9762","Weißensee","Kärnten"
"9771","Berg im Drautal","Kärnten"
"9772","Dellach","Kärnten"
"9773","Irschen","Kärnten"
"9781","Oberdrauburg","Kärnten"
"9782","Nikolsdorf","Tirol"
"9800","Spittal an der Drau","Kärnten"
"9802","Spittal an der Drau","Kärnten"
"9803","Spittal an der Drau","Kärnten"
"9805","Baldramsdorf","Kärnten"
"9811","Lendorf","Kärnten"
"9812","Pusarnitz","Kärnten"
"9813","Möllbrücke","Kärnten"
"9814","Mühldorf","Kärnten"
"9815","Kolbnitz","Kärnten"
"9816","Penk","Kärnten"
"9821","Obervellach","Kärnten"
"9822","Mallnitz","Kärnten"
"9831","Flattach","Kärnten"
"9832","Stall","Kärnten"
"9833","Rangersdorf","Kärnten"
"9841","Winklern","Kärnten"
"9842","Mörtschach","Kärnten"
"9843","Großkirchheim","Kärnten"
"9844","Heiligenblut","Kärnten"
"9851","Lieserbrücke","Kärnten"
"9852","Trebesing","Kärnten"
"9853","Gmünd","Kärnten"
"9854","Malta","Kärnten"
"9861","Eisentratten","Kärnten"
"9862","Kremsbrücke","Kärnten"
"9863","Rennweg","Kärnten"
"9871","Seeboden","Kärnten"
"9872","Millstatt am See","Kärnten"
"9873","Döbriach","Kärnten"
"9900","Lienz","Tirol"
"9903","Oberlienz","Tirol"
"9904","Thurn","Tirol"
"9905","Gaimberg","Tirol"
"9906","Lavant","Tirol"
"9907","Tristach","Tirol"
"9908","Amlach","Tirol"
"9909","Leisach","Tirol"
"9911","Assling","Tirol"
"9912","Anras","Tirol"
"9913","Abfaltersbach","Tirol"
"9918","Strassen","Tirol"
"9919","Heinfels","Tirol"
"9920","Sillian","Tirol"
"9931","Außervillgraten","Tirol"
"9932","Innervillgraten","Tirol"
"9941","Kartitsch","Tirol"
"9942","Obertilliach","Tirol"
"9943","Untertilliach","Tirol"
"9951","Ainet","Tirol"
"9952","St. Johann im Walde","Tirol"
"9953","Huben","Tirol"
"9954","Schlaiten","Tirol"
"9961","Hopfgarten in Defereggen","Tirol"
"9962","St. Veit in Defereggen","Tirol"
"9963","St. Jakob in Defereggen","Tirol"
"9971","Matrei in Osttirol","Tirol"
"9972","Virgen","Tirol"
"9974","Prägraten","Tirol"
"9981","Kals","Tirol"
"9990","Nußdorf-Debant","Tirol"
"9991","Dölsach","Tirol"
"9992","Iselsberg-Stronach","Tirol"
